obs_id,species,stage,character,attribute,state,source
2,"Marrus orthocanna","adult","Depth (m)","point",50.00,"Andersen1981_Morthocanna"
3,"Marrus orthocanna","adult","Depth (m)","point",40.00,"Andersen1981_Morthocanna"
4,"Marrus orthocanna","adult","Depth (m)","point",50.00,"Andersen1981_Morthocanna"
5,"Marrus orthocanna","adult","Depth (m)","point",60.00,"Andersen1981_Morthocanna"
6,"Marrus orthocanna","adult","Colony length (cm)","point",45.00,"Andersen1981_Morthocanna"
16,"Marrus orthocanna","adult","Cnidoband width (um)","point",100.00,"Andersen1981_Morthocanna"
17,"Marrus orthocanna","adult","Cnidoband depth (um)","point",100.00,"Andersen1981_Morthocanna"
18,"Marrus orthocanna","adult","Pedicle width (um)","point",75.00,"Andersen1981_Morthocanna"
21,"Physalia physalis","adult","Haploneme length (um)","point",41.40,"Bardi2007_Physalia"
22,"Physalia physalis","adult","Haploneme width (um)","point",35.00,"Bardi2007_Physalia"
23,"Physalia physalis","adult","Haploneme length (um)","point",12.60,"Bardi2007_Physalia"
24,"Physalia physalis","adult","Haploneme width (um)","point",10.50,"Bardi2007_Physalia"
25,"Physalia physalis","adult","Heteroneme length (um)","point",23.00,"Bardi2007_Physalia"
26,"Physalia physalis","adult","Heteroneme width (um)","point",19.20,"Bardi2007_Physalia"
43,"Physalia physalis","adult","Haploneme length (um)","point",32.15,"Bardi2007_Physalia"
44,"Physalia physalis","adult","Haploneme length (um)","point",27.12,"Bardi2007_Physalia"
45,"Physalia physalis","adult","Haploneme width (um)","point",31.54,"Bardi2007_Physalia"
46,"Physalia physalis","adult","Haploneme width (um)","point",31.16,"Bardi2007_Physalia"
47,"Physalia physalis","adult","Haploneme length (um)","point",19.54,"Bardi2007_Physalia"
48,"Physalia physalis","adult","Haploneme length (um)","point",23.05,"Bardi2007_Physalia"
49,"Physalia physalis","adult","Haploneme width (um)","point",19.90,"Bardi2007_Physalia"
50,"Physalia physalis","adult","Haploneme width (um)","point",21.14,"Bardi2007_Physalia"
51,"Physalia physalis","adult","Haploneme length (um)","point",9.41,"Bardi2007_Physalia"
52,"Physalia physalis","adult","Haploneme length (um)","point",12.26,"Bardi2007_Physalia"
53,"Physalia physalis","adult","Haploneme width (um)","point",9.83,"Bardi2007_Physalia"
54,"Physalia physalis","adult","Haploneme width (um)","point",11.54,"Bardi2007_Physalia"
55,"Nanomia cara","adult","Tentacle length (mm)","point",5400.00,"Biggs1977b_Feeding"
56,"Physalia physalis","adult","Tentacle length (mm)","point",6000.00,"Biggs1977b_Feeding"
57,"Chelophyes appendiculata","adult","Fishing cycle frequency (times/hour)","point",100.00,"Biggs1977b_Feeding"
58,"Agalma okeni","adult","Tentacle number","point",5.00,"Biggs1977b_Feeding"
101,"Stephanophyes superba","adult","Prey length (mm)","point",7.00,"Biggs1977b_Feeding"
103,"Nanomia bijuga","adult","Prey length (mm)","point",17.00,"Biggs1977b_Feeding"
104,"Forskalia tholoides","adult","Prey length (mm)","point",6.00,"Biggs1977b_Feeding"
105,"Forskalia tholoides","adult","Prey length (mm)","point",7.00,"Biggs1977b_Feeding"
106,"Athorybia rosacea","adult","Prey length (mm)","point",6.00,"Biggs1977b_Feeding"
107,"Athorybia rosacea","adult","Prey length (mm)","point",9.00,"Biggs1977b_Feeding"
108,"Rhizophysa filiformis","adult","Prey length (mm)","point",5.00,"Biggs1977b_Feeding"
109,"Rhizophysa filiformis","adult","Prey length (mm)","point",10.00,"Biggs1977b_Feeding"
110,"Cordagalma ordinatum","adult","Nauplii ingestion rate","point",1.00,"Biggs1977b_Feeding"
111,"Nanomia bijuga","adult","Tentacle number","point",13.00,"Biggs1977b_Feeding"
112,"Rosacea flaccida","adult","Surface temperature","point",25.10,"Biggs1978b_Rflaccida"
113,"Rosacea flaccida","adult","Surface temperature","point",19.60,"Biggs1978b_Rflaccida"
114,"Rosacea flaccida","adult","Surface temperature","point",21.20,"Biggs1978b_Rflaccida"
115,"Rosacea flaccida","adult","Surface temperature","point",26.80,"Biggs1978b_Rflaccida"
116,"Rosacea flaccida","adult","Surface temperature","point",23.70,"Biggs1978b_Rflaccida"
117,"Rosacea flaccida","adult","Surface salinity (%)","point",36.60,"Biggs1978b_Rflaccida"
118,"Rosacea flaccida","adult","Surface salinity (%)","point",35.60,"Biggs1978b_Rflaccida"
119,"Rosacea flaccida","adult","Surface salinity (%)","point",35.30,"Biggs1978b_Rflaccida"
122,"Rosacea flaccida","adult","Heteroneme number","point",30.00,"Biggs1978b_Rflaccida"
123,"Rosacea flaccida","adult","Heteroneme length (um)","point",75.00,"Biggs1978b_Rflaccida"
124,"Rosacea flaccida","adult","Heteroneme width (um)","point",8.00,"Biggs1978b_Rflaccida"
125,"Rosacea flaccida","adult","Haploneme length (um)","point",30.00,"Biggs1978b_Rflaccida"
126,"Rosacea flaccida","adult","Haploneme width (um)","point",5.00,"Biggs1978b_Rflaccida"
131,"Rosacea flaccida","adult","Rhopaloneme length (um)","point",15.00,"Biggs1978b_Rflaccida"
132,"Rosacea flaccida","adult","Rhopaloneme width (um)","point",3.00,"Biggs1978b_Rflaccida"
133,"Rosacea cymbiformis","adult","Heteroneme number","point",30.00,"Biggs1978b_Rflaccida"
134,"Rosacea cymbiformis","adult","Heteroneme length (um)","point",75.00,"Biggs1978b_Rflaccida"
135,"Rosacea cymbiformis","adult","Heteroneme width (um)","point",8.50,"Biggs1978b_Rflaccida"
136,"Rosacea cymbiformis","adult","Haploneme length (um)","point",37.00,"Biggs1978b_Rflaccida"
137,"Rosacea cymbiformis","adult","Haploneme width (um)","point",6.50,"Biggs1978b_Rflaccida"
142,"Rosacea cymbiformis","adult","Rhopaloneme length (um)","point",13.50,"Biggs1978b_Rflaccida"
143,"Rosacea cymbiformis","adult","Rhopaloneme width (um)","point",3.50,"Biggs1978b_Rflaccida"
144,"Rosacea plicata","adult","Heteroneme number","point",36.00,"Biggs1978b_Rflaccida"
145,"Rosacea plicata","adult","Heteroneme length (um)","point",120.00,"Biggs1978b_Rflaccida"
146,"Rosacea plicata","adult","Heteroneme width (um)","point",10.00,"Biggs1978b_Rflaccida"
147,"Rosacea plicata","adult","Haploneme length (um)","point",50.00,"Biggs1978b_Rflaccida"
148,"Rosacea plicata","adult","Haploneme width (um)","point",9.00,"Biggs1978b_Rflaccida"
153,"Rosacea plicata","adult","Rhopaloneme length (um)","point",30.00,"Biggs1978b_Rflaccida"
154,"Rosacea plicata","adult","Rhopaloneme width (um)","point",5.50,"Biggs1978b_Rflaccida"
155,"Desmophyes villafrancae","adult","Heteroneme number","point",6.00,"Biggs1978b_Rflaccida"
156,"Desmophyes villafrancae","adult","Heteroneme length (um)","point",32.50,"Biggs1978b_Rflaccida"
157,"Desmophyes villafrancae","adult","Heteroneme width (um)","point",8.50,"Biggs1978b_Rflaccida"
158,"Desmophyes villafrancae","adult","Haploneme length (um)","point",20.00,"Biggs1978b_Rflaccida"
159,"Desmophyes villafrancae","adult","Desmoneme length (um)","point",5.00,"Biggs1978b_Rflaccida"
160,"Desmophyes villafrancae","adult","Desmoneme width (um)","point",3.50,"Biggs1978b_Rflaccida"
161,"Desmophyes villafrancae","adult","Rhopaloneme length (um)","point",7.50,"Biggs1978b_Rflaccida"
162,"Desmophyes villafrancae","adult","Rhopaloneme width (um)","point",1.50,"Biggs1978b_Rflaccida"
163,"Desmophyes annectens","adult","Heteroneme length (um)","point",140.00,"Biggs1978b_Rflaccida"
164,"Desmophyes annectens","adult","Heteroneme width (um)","point",9.50,"Biggs1978b_Rflaccida"
165,"Desmophyes annectens","adult","Haploneme length (um)","point",37.50,"Biggs1978b_Rflaccida"
166,"Desmophyes annectens","adult","Desmoneme length (um)","point",13.50,"Biggs1978b_Rflaccida"
167,"Desmophyes annectens","adult","Desmoneme width (um)","point",10.00,"Biggs1978b_Rflaccida"
168,"Desmophyes annectens","adult","Rhopaloneme length (um)","point",12.50,"Biggs1978b_Rflaccida"
169,"Desmophyes annectens","adult","Rhopaloneme width (um)","point",4.50,"Biggs1978b_Rflaccida"
176,"Athorybia lucida","adult","Number of terminal filaments","point",2.00,"Biggs1978c_Athorybia"
177,"Athorybia lucida","adult","Number of heteroneme rows per side (proximal cnidoband)","point",1.00,"Biggs1978c_Athorybia"
178,"Athorybia lucida","adult","Number of heteroneme rows per side (distal cnidoband)","point",1.00,"Biggs1978c_Athorybia"
179,"Athorybia lucida","adult","Cnidoband length (um)","point",1200.00,"Biggs1978c_Athorybiafromfigure"
180,"Athorybia lucida","adult","Terminal filament length (um)","point",1500.00,"Biggs1978c_Athorybiafromfigure"
181,"Athorybia lucida","adult","Terminal filament length (um)","point",500.00,"Biggs1978c_Athorybiafromfigure"
182,"Athorybia lucida","adult","Surface temperature","point",23.60,"Biggs1978c_Athorybia"
183,"Athorybia lucida","adult","Surface temperature","point",23.20,"Biggs1978c_Athorybia"
184,"Athorybia lucida","adult","Surface temperature","point",23.40,"Biggs1978c_Athorybia"
185,"Athorybia lucida","adult","Surface temperature","point",24.00,"Biggs1978c_Athorybia"
186,"Athorybia lucida","adult","Surface temperature","point",26.00,"Biggs1978c_Athorybia"
187,"Athorybia lucida","adult","Surface temperature","point",26.20,"Biggs1978c_Athorybia"
188,"Athorybia lucida","adult","Surface salinity (%)","point",36.80,"Biggs1978c_Athorybia"
189,"Athorybia lucida","adult","Surface salinity (%)","point",36.80,"Biggs1978c_Athorybia"
190,"Athorybia lucida","adult","Surface salinity (%)","point",36.90,"Biggs1978c_Athorybia"
191,"Athorybia lucida","adult","Surface salinity (%)","point",36.80,"Biggs1978c_Athorybia"
192,"Athorybia lucida","adult","Number of zags","point",1.25,"Biggs1978c_Athorybia"
193,"Cordagalma ordinatum","adult","Colony length (cm)","point",30.00,"Carre1968_Ccordiformis"
194,"Cordagalma ordinatum","adult","Gastrozooid length (mm)","point",2.00,"Carre1968_Ccordiformis"
195,"Cordagalma ordinatum","adult","Cnidosac length (um)","point",40.00,"Carre1968_Ccordiformis"
196,"Cordagalma ordinatum","adult","Cnidoband length (um)","point",40.00,"Carre1968_Ccordiformis"
199,"Cordagalma ordinatum","adult","Heteroneme number","point",5.00,"Carre1968_Ccordiformis"
200,"Cordagalma ordinatum","adult","Heteroneme length (um)","point",17.50,"Carre1968_Ccordiformis"
201,"Cordagalma ordinatum","adult","Heteroneme width (um)","point",8.50,"Carre1968_Ccordiformis"
202,"Cordagalma ordinatum","adult","Heteroneme shaft length (um)","point",12.50,"Carre1968_Ccordiformis"
203,"Cordagalma ordinatum","adult","Heteroneme shaft width (um)","point",6.00,"Carre1968_Ccordiformis"
204,"Cordagalma ordinatum","adult","Haploneme length (um)","point",16.00,"Carre1968_Ccordiformis"
205,"Cordagalma ordinatum","adult","Haploneme width (um)","point",2.00,"Carre1968_Ccordiformis"
206,"Cordagalma ordinatum","adult","Proximal haploneme length (um)","point",16.00,"Carre1968_Ccordiformis"
207,"Cordagalma ordinatum","adult","Proximal haploneme width (um)","point",2.00,"Carre1968_Ccordiformis"
208,"Cordagalma ordinatum","adult","Distal haploneme length (um)","point",5.50,"Carre1968_Ccordiformis"
209,"Cordagalma ordinatum","adult","Distal haploneme width (um)","point",5.00,"Carre1968_Ccordiformis"
216,"Lilyopsis medusa","adult","Gastrozooid length (mm)","point",1.10,"Carre1969a_Lrosea"
217,"Lilyopsis medusa","adult","Number of haploneme rows","point",7.00,"Carre1969a_Lrosea"
218,"Lilyopsis medusa","adult","Number of heteroneme rows per side","point",1.00,"Carre1969a_Lrosea"
219,"Lilyopsis medusa","adult","Rhopaloneme length (um)","point",15.00,"Carre1969a_Lrosea"
220,"Lilyopsis medusa","adult","Rhopaloneme width (um)","point",5.00,"Carre1969a_Lrosea"
221,"Lilyopsis medusa","adult","Rhopaloneme tubule length (um)","point",45.00,"Carre1969a_Lrosea"
222,"Lilyopsis medusa","adult","Desmoneme length (um)","point",9.00,"Carre1969a_Lrosea"
223,"Lilyopsis medusa","adult","Desmoneme width (um)","point",5.00,"Carre1969a_Lrosea"
224,"Lilyopsis medusa","adult","Cnidoband desmoneme length (um)","point",15.00,"Carre1969a_Lrosea"
225,"Lilyopsis medusa","adult","Cnidoband desmoneme width (um)","point",9.00,"Carre1969a_Lrosea"
226,"Lilyopsis medusa","adult","Haploneme length (um)","point",30.00,"Carre1969a_Lrosea"
227,"Lilyopsis medusa","adult","Haploneme width (um)","point",5.00,"Carre1969a_Lrosea"
228,"Lilyopsis medusa","adult","Heteroneme length (um)","point",80.00,"Carre1969a_Lrosea"
229,"Lilyopsis medusa","adult","Heteroneme width (um)","point",13.00,"Carre1969a_Lrosea"
230,"Lilyopsis medusa","adult","Heteroneme shaft length (um)","point",75.00,"Carre1969a_Lrosea"
231,"Lilyopsis medusa","adult","Heteroneme shaft width (um)","point",5.00,"Carre1969a_Lrosea"
232,"Lilyopsis medusa","adult","Heteroneme spine length (um)","point",15.00,"Carre1969a_Lrosea"
233,"Lilyopsis medusa","adult","Heteroneme tubule width (um)","point",3.00,"Carre1969a_Lrosea"
234,"Lilyopsis medusa","adult","Cnidoband length (um)","point",414.00,"Carre1969a_Lrosea"
235,"Prayola tottoni","adult","Colony length (cm)","point",25.00,"Carre1969c_Ptottoni"
236,"Prayola tottoni","adult","Heteroneme number","point",4.00,"Carre1969c_Ptottoni"
237,"Prayola tottoni","adult","Number of heteroneme rows per side","point",1.00,"Carre1969c_Ptottoni"
241,"Prayola tottoni","adult","Cnidoband desmoneme number","point",15.00,"Carre1969c_Ptottoni"
242,"Prayola tottoni","adult","Rhopaloneme length (um)","point",11.00,"Carre1969c_Ptottoni"
243,"Prayola tottoni","adult","Rhopaloneme width (um)","point",3.50,"Carre1969c_Ptottoni"
244,"Prayola tottoni","adult","Rhopaloneme tubule length (um)","point",35.00,"Carre1969c_Ptottoni"
245,"Prayola tottoni","adult","Desmoneme length (um)","point",14.00,"Carre1969c_Ptottoni"
246,"Prayola tottoni","adult","Desmoneme width (um)","point",7.50,"Carre1969c_Ptottoni"
249,"Prayola tottoni","adult","Heteroneme length (um)","point",35.00,"Carre1969c_Ptottoni"
250,"Prayola tottoni","adult","Heteroneme width (um)","point",22.50,"Carre1969c_Ptottoni"
251,"Prayola tottoni","adult","Heteroneme shaft length (um)","point",26.50,"Carre1969c_Ptottoni"
252,"Prayola tottoni","adult","Heteroneme shaft width (um)","point",12.00,"Carre1969c_Ptottoni"
256,"Desmophyes villafrancae","adult","Rhopaloneme length (um)","point",7.50,"Carre1969d_Rvillafrancae"
257,"Desmophyes villafrancae","adult","Rhopaloneme width (um)","point",1.50,"Carre1969d_Rvillafrancae"
258,"Desmophyes villafrancae","adult","Rhopaloneme tubule length (um)","point",22.50,"Carre1969d_Rvillafrancae"
259,"Desmophyes villafrancae","adult","Desmoneme length (um)","point",3.50,"Carre1969d_Rvillafrancae"
260,"Desmophyes villafrancae","adult","Desmoneme width (um)","point",5.00,"Carre1969d_Rvillafrancae"
261,"Desmophyes villafrancae","adult","Haploneme length (um)","point",20.00,"Carre1969d_Rvillafrancae"
262,"Desmophyes villafrancae","adult","Heteroneme length (um)","point",32.50,"Carre1969d_Rvillafrancae"
263,"Desmophyes villafrancae","adult","Heteroneme width (um)","point",8.50,"Carre1969d_Rvillafrancae"
264,"Desmophyes villafrancae","adult","Heteroneme shaft length (um)","point",20.00,"Carre1969d_Rvillafrancae"
265,"Apolemia uvaria","adult","Heteroneme length (um)","point",34.00,"Carre1973a"
266,"Apolemia uvaria","adult","Heteroneme width (um)","point",15.00,"Carre1973a"
269,"Apolemia uvaria","adult","Heteroneme thread width (um)","point",3.00,"Carre1973a"
271,"Apolemia uvaria","adult","Heteroneme length (um)","point",15.00,"Carre1973a"
272,"Apolemia uvaria","adult","Heteroneme width (um)","point",9.00,"Carre1973a"
275,"Apolemia uvaria","adult","Heteroneme thread width (um)","point",1.60,"Carre1973a"
277,"Marrus claudanielis","adult","Number of terminal filaments","point",1.00,"Dunn2005_claudanielis"
278,"Marrus claudanielis","adult","Depth (m)","point",1190.00,"Dunn2005_claudanielis"
279,"Marrus claudanielis","adult","Depth (m)","point",518.00,"Dunn2005_claudanielis"
280,"Marrus claudanielis","adult","Colony length (cm)","point",21.00,"Dunn2005_claudanielis"
282,"Marrus claudanielis","adult","Tentacle number","point",30.00,"Dunn2005_claudanielis"
283,"Marrus claudanielis","adult","Basigaster proportion","point",0.25,"Dunn2005_claudanielis"
284,"Marrus claudanielis","adult","Cnidoband length (um)","point",3000.00,"Dunn2005_claudanielis"
285,"Marrus claudanielis","adult","Number of coils","point",9.00,"Dunn2005_claudanielis"
286,"Marrus claudanielis","adult","Heteroneme length (um)","point",65.00,"Dunn2005_claudanielis"
287,"Marrus claudanielis","adult","Heteronme width (um)","point",9.00,"Dunn2005_claudanielis"
288,"Marrus claudanielis","adult","Haploneme length (um)","point",125.00,"Dunn2005_claudanielis"
289,"Marrus claudanielis","adult","Haploneme width (um)","point",28.00,"Dunn2005_claudanielis"
290,"Marrus claudanielis","adult","Rhopaloneme length (um)","point",12.00,"Dunn2005_claudanielis"
291,"Marrus claudanielis","adult","Rhopaloneme width (um)","point",12.00,"Dunn2005_claudanielis"
292,"Marrus claudanielis","adult","Desmoneme length (um)","point",25.00,"Dunn2005_claudanielis"
293,"Marrus claudanielis","adult","Desmoneme width (um)","point",14.00,"Dunn2005_claudanielis"
294,"Marrus claudanielis","adult","Depth (m)","point",767.00,"Dunn2005_claudanielis"
295,"Marrus claudanielis","adult","Depth (m)","point",934.00,"Dunn2005_claudanielis"
296,"Marrus claudanielis","adult","Depth (m)","point",1001.00,"Dunn2005_claudanielis"
297,"Marrus claudanielis","adult","Depth (m)","point",1156.00,"Dunn2005_claudanielis"
298,"Marrus claudanielis","adult","Depth (m)","point",1144.00,"Dunn2005_claudanielis"
299,"Marrus claudanielis","adult","Depth (m)","point",1126.00,"Dunn2005_claudanielis"
300,"Marrus claudanielis","adult","Depth (m)","point",686.00,"Youngbluth1989"
301,"Marrus claudanielis","adult","Depth (m)","point",862.00,"Pages(pers. Comm)"
302,"Marrus antarcticus","adult","Terminal filament number","point",1.00,"Dunn2005_claudanielis"
303,"Marrus orthocanna","adult","Terminal filament number","point",1.00,"Dunn2005_claudanielis"
304,"Marrus antarcticus","adult","Number of coils","point",3.00,"Totton1954"
305,"Dimophyes arctica","adult","Heteroneme length (um)","point",198.00,"Grossman2013_Thesis"
306,"Dimophyes arctica","adult","Haploneme length (um)","point",30.00,"Grossman2013_Thesis"
307,"Clausophyes galeata","adult","Cnidoband length (um)","point",140.00,"Grossman2013_Thesis"
309,"Archangelopsis typica","adult","Depth (m)","point",100.00,"Mackie1987_Siphbio"
310,"Archangelopsis typica","adult","Depth (m)","point",112.00,"Mackie1987_Siphbio"
311,"Steleophysema aurophora","adult","Depth (m)","point",405.00,"Mackie1987_Siphbio"
312,"Stephalia bathyphysa","adult","Depth (m)","point",503.00,"Mackie1987_Siphbio"
313,"Stephalia dilata","adult","Depth (m)","point",1158.00,"Mackie1987_Siphbio"
314,"Angelopsis globosa","adult","Depth (m)","point",2553.00,"Mackie1987_Siphbio"
315,"Physalia physalis","adult","Tentacle length (mm)","point",10000.00,"Mackie1987_Siphbio"
316,"Apolemia uvaria","adult","Heteroneme length (um)","point",12.00,"Mackie1987_Siphbio"
317,"Apolemia uvaria","adult","Heteroneme width (um)","point",2.00,"Mackie1987_Siphbio"
318,"Apolemia uvaria","adult","Colony length (cm)","point",2000.00,"Tregouboff&Rose1957"
374,"Nanomia cara","adult","Normal swimming speed (cm/s)","point",8.00,"Berrill1930"
377,"Physophora hydrostatica","adult","Normal swimming speed (cm/s)","point",7.00,"Biggs1977_Feeding"
386,"Abylopsis tetragona","adult","Normal swimming speed (cm/s)","point",8.00,"BoneTrueman1982"
389,"Cordagalma tottoni","adult","Gastrozooid length (fixed) (mm)","point",2.00,"Margulis1993_Ctottoni"
390,"Cordagalma tottoni","adult","Basigaster proportion","point",0.25,"Margulis1993_Ctottoni"
391,"Cordagalma tottoni","adult","Number of heteroneme rows per side","point",1.00,"Margulis1993_Ctottoni"
396,"Cordagalma tottoni","adult","Cnidoband width (um)","point",150.00,"Margulis1993_Ctottoni"
397,"Cordagalma ordinatum","adult","Heteroneme number","point",5.00,"Margulis1993_Ctottoni"
398,"Cordagalma ordinatum","adult","Haploneme number","point",12.00,"Margulis1993_Ctottoni"
399,"Lychnagalma utricularia","adult","Number of terminal filaments","point",8.00,"Pugh1986b_Lychnagalma"
400,"Lychnagalma utricularia","adult","Depth (m)","point",503.00,"Pugh1986b_Lychnagalma"
401,"Lychnagalma utricularia","adult","Depth (m)","point",640.00,"Pugh1986b_Lychnagalma"
402,"Lychnagalma utricularia","adult","Depth (m)","point",610.00,"Pugh1986b_Lychnagalma"
403,"Lychnagalma utricularia","adult","Depth (m)","point",683.00,"Pugh1986b_Lychnagalma"
404,"Lychnagalma utricularia","adult","Depth (m)","point",686.00,"Pugh1986b_Lychnagalma"
405,"Lychnagalma utricularia","adult","Depth (m)","point",610.00,"Pugh1986b_Lychnagalma"
406,"Lychnagalma utricularia","adult","Depth (m)","point",680.00,"Pugh1986b_Lychnagalma"
407,"Lychnagalma utricularia","adult","Depth (m)","point",690.00,"Pugh1986b_Lychnagalma"
408,"Lychnagalma utricularia","adult","Depth (m)","point",686.00,"Pugh1986b_Lychnagalma"
409,"Lychnagalma utricularia","adult","Depth (m)","point",610.00,"Pugh1986b_Lychnagalma"
410,"Lychnagalma utricularia","adult","Depth (m)","point",607.00,"Pugh1986b_Lychnagalma"
411,"Lychnagalma utricularia","adult","Depth (m)","point",605.00,"Pugh1986b_Lychnagalma"
412,"Lychnagalma utricularia","adult","Depth (m)","point",670.00,"Pugh1986b_Lychnagalma"
413,"Lychnagalma utricularia","adult","Depth (m)","point",606.00,"Pugh1986b_Lychnagalma"
414,"Lychnagalma utricularia","adult","Depth (m)","point",595.00,"Pugh1986b_Lychnagalma"
415,"Lychnagalma utricularia","adult","Depth (m)","point",600.00,"Pugh1986b_Lychnagalma"
416,"Lychnagalma utricularia","adult","Depth (m)","point",602.00,"Pugh1986b_Lychnagalma"
417,"Lychnagalma utricularia","adult","Depth (m)","point",645.00,"Pugh1986b_Lychnagalma"
419,"Lychnagalma utricularia","adult","Central ampulla length (um)","point",4125.00,"Pugh1986b_Lychnagalma"
420,"Lychnagalma utricularia","adult","Central ampulla length (um)","point",3600.00,"Pugh1986b_Lychnagalma"
421,"Lychnagalma utricularia","adult","Central ampulla length (um)","point",4125.00,"Pugh1986b_Lychnagalma"
422,"Lychnagalma utricularia","adult","Central ampulla length (um)","point",4875.00,"Pugh1986b_Lychnagalma"
423,"Lychnagalma utricularia","adult","Central ampulla width (um)","point",1275.00,"Pugh1986b_Lychnagalma"
424,"Lychnagalma utricularia","adult","Central ampulla width (um)","point",1650.00,"Pugh1986b_Lychnagalma"
425,"Lychnagalma utricularia","adult","Central ampulla width (um)","point",1725.00,"Pugh1986b_Lychnagalma"
426,"Lychnagalma utricularia","adult","Central ampulla width (um)","point",1200.00,"Pugh1986b_Lychnagalma"
427,"Lychnagalma utricularia","adult","Cnidosac length (um)","point",2325.00,"Pugh1986b_Lychnagalma"
428,"Lychnagalma utricularia","adult","Cnidosac length (um)","point",2250.00,"Pugh1986b_Lychnagalma"
429,"Lychnagalma utricularia","adult","Cnidosac length (um)","point",2400.00,"Pugh1986b_Lychnagalma"
430,"Lychnagalma utricularia","adult","Cnidosac length (um)","point",2400.00,"Pugh1986b_Lychnagalma"
431,"Lychnagalma utricularia","adult","Cnidosac width (um)","point",1200.00,"Pugh1986b_Lychnagalma"
432,"Lychnagalma utricularia","adult","Cnidosac width (um)","point",1200.00,"Pugh1986b_Lychnagalma"
433,"Lychnagalma utricularia","adult","Cnidosac width (um)","point",1275.00,"Pugh1986b_Lychnagalma"
434,"Lychnagalma utricularia","adult","Cnidosac width (um)","point",1200.00,"Pugh1986b_Lychnagalma"
435,"Lychnagalma utricularia","adult","Number of coils","point",9.00,"Pugh1986b_Lychnagalma"
436,"Lychnagalma utricularia","adult","Number of coils","point",11.00,"Pugh1986b_Lychnagalma"
437,"Lychnagalma utricularia","adult","Number of coils","point",8.00,"Pugh1986b_Lychnagalma"
438,"Lychnagalma utricularia","adult","Number of coils","point",9.00,"Pugh1986b_Lychnagalma"
442,"Lychnagalma utricularia","adult","Number of heteroneme rows per side","point",2.00,"Pugh1986b_Lychnagalma"
444,"Rosacea repanda","adult","Depth (m)","point",388.00,"Pugh1988b_Prayidae"
445,"Rosacea repanda","adult","Depth (m)","point",457.00,"Pugh1988b_Prayidae"
446,"Rosacea repanda","adult","Depth (m)","point",488.00,"Pugh1988b_Prayidae"
447,"Rosacea repanda","adult","Depth (m)","point",702.00,"Pugh1988b_Prayidae"
448,"Rosacea repanda","adult","Depth (m)","point",491.00,"Pugh1988b_Prayidae"
449,"Rosacea repanda","adult","Depth (m)","point",455.00,"Pugh1988b_Prayidae"
450,"Rosacea repanda","adult","Depth (m)","point",420.00,"Pugh1988b_Prayidae"
451,"Rosacea repanda","adult","Depth (m)","point",460.00,"Pugh1988b_Prayidae"
452,"Rosacea repanda","adult","Heteroneme length (um)","point",105.00,"Pugh1988b_Prayidae"
453,"Rosacea repanda","adult","Heteroneme width (um)","point",6.50,"Pugh1988b_Prayidae"
454,"Rosacea repanda","adult","Heteroneme number","point",24.00,"Pugh1988b_Prayidae"
455,"Rosacea repanda","adult","Number of heteroneme rows per side","point",1.00,"Pugh1988b_Prayidae"
458,"Rosacea repanda","adult","Haploneme width (um)","point",8.00,"Pugh1988b_Prayidae"
459,"Rosacea repanda","adult","Cnidoband desmoneme length (um)","point",10.50,"Pugh1988b_Prayidae"
460,"Rosacea repanda","adult","Cnidoband desmoneme width (um)","point",10.50,"Pugh1988b_Prayidae"
467,"Rosacea repanda","adult","Rhopaloneme width (um)","point",5.00,"Pugh1988b_Prayidae"
468,"Rosacea repanda","adult","Tentacle number","point",4.00,"Pugh1988b_Prayidae"
469,"Rosacea limbata","adult","Tentacle number","point",59.00,"Pugh1988b_Prayidae"
470,"Rosacea limbata","adult","Depth (m)","point",146.00,"Pugh1988b_Prayidae"
471,"Rosacea limbata","adult","Heteroneme number","point",24.00,"Pugh1988b_Prayidae"
472,"Rosacea limbata","adult","Heteroneme length (um)","point",110.00,"Pugh1988b_Prayidae"
473,"Rosacea limbata","adult","Heteroneme width (um)","point",7.50,"Pugh1988b_Prayidae"
478,"Rosacea limbata","adult","Number of heteroneme rows per side","point",1.00,"Pugh1988b_Prayidae"
483,"Rosacea limbata","adult","Rhopaloneme length (um)","point",25.00,"Pugh1988b_Prayidae"
484,"Rosacea limbata","adult","Rhopaloneme width (um)","point",5.00,"Pugh1988b_Prayidae"
485,"Nectopyramis thetys","adult","Haploneme length (um)","point",48.00,"Pugh1992a_Nectopyramidinae"
486,"Nectopyramis thetys","adult","Haploneme width (um)","point",8.00,"Pugh1992a_Nectopyramidinae"
487,"Nectopyramis thetys","adult","Heteroneme length (um)","point",80.00,"Pugh1992a_Nectopyramidinae"
488,"Nectopyramis thetys","adult","Heteroneme width (um)","point",21.00,"Pugh1992a_Nectopyramidinae"
489,"Nectopyramis thetys","adult","Number of heteroneme rows per side","point",1.00,"Pugh1992a_Nectopyramidinae"
492,"Nectopyramis thetys","adult","Rhopaloneme length (um)","point",22.00,"Pugh1992a_Nectopyramidinae_unsure_id"
493,"Nectopyramis thetys","adult","Rhopaloneme width (um)","point",5.00,"Pugh1992a_Nectopyramidinae"
494,"Nectopyramis thetys","adult","Desmoneme length (um)","point",16.00,"Pugh1992a_Nectopyramidinae_unsure_id"
495,"Nectopyramis thetys","adult","Desmoneme width (um)","point",13.00,"Pugh1992a_Nectopyramidinae_unsure_id"
496,"Nectopyramis natans","adult","Cnidoband length (um)","point",200.00,"Pugh1992a_Nectopyramidinae"
497,"Nectopyramis thetys","adult","Cnidoband length (um)","point",400.00,"Pugh1992a_Nectopyramidinae"
498,"Nectopyramis natans","adult","Haploneme length (um)","point",50.00,"Pugh1992a_Nectopyramidinae"
499,"Nectopyramis natans","adult","Haploneme width (um)","point",10.00,"Pugh1992a_Nectopyramidinae"
500,"Nectopyramis natans","adult","Heteroneme length (um)","point",93.00,"Pugh1992a_Nectopyramidinae"
501,"Nectopyramis natans","adult","Heteroneme width (um)","point",21.00,"Pugh1992a_Nectopyramidinae"
502,"Nectopyramis natans","adult","Number of heteroneme rows per side","point",1.00,"Pugh1992a_Nectopyramidinae"
505,"Nectopyramis natans","adult","Desmoneme length (um)","point",16.00,"Pugh1992a_Nectopyramidinae_unsure_id"
506,"Nectopyramis natans","adult","Desmoneme width (um)","point",13.00,"Pugh1992a_Nectopyramidinae_unsure_id"
507,"Nectadamas richardi","adult","Heteroneme length (um)","point",90.00,"Pugh1992a_Nectopyramidinae"
508,"Nectadamas richardi","adult","Heteroneme width (um)","point",15.00,"Pugh1992a_Nectopyramidinae"
511,"Nectadamas richardi","adult","Rhopaloneme length (um)","point",30.00,"Pugh1992a_Nectopyramidinae_unsure_id"
512,"Nectadamas richardi","adult","Rhopaloneme width (um)","point",8.00,"Pugh1992a_Nectopyramidinae"
513,"Nectadamas richardi","adult","Desmoneme length (um)","point",20.00,"Pugh1992a_Nectopyramidinae_unsure_id"
514,"Nectadamas richardi","adult","Desmoneme width (um)","point",10.00,"Pugh1992a_Nectopyramidinae_unsure_id"
515,"Nectadamas richardi","adult","Depth (m)","point",225.00,"Pugh1992a_Nectopyramidinae"
516,"Nectadamas richardi","adult","Depth (m)","point",300.00,"Pugh1992a_Nectopyramidinae"
517,"Nectadamas richardi","adult","Depth (m)","point",1500.00,"Pugh1992a_Nectopyramidinae"
518,"Nectadamas richardi","adult","Depth (m)","point",1150.00,"Pugh1992a_Nectopyramidinae"
519,"Nectadamas richardi","adult","Depth (m)","point",1400.00,"Pugh1992a_Nectopyramidinae"
520,"Nectadamas diomedeae","adult","Involucrum length (um)","point",1100.00,"Pugh1992a_Nectopyramidinae"
523,"Nectadamas diomedeae","adult","Cnidoband length (um)","point",300.00,"Pugh1992a_Nectopyramidinae"
524,"Nectadamas diomedeae","adult","Cnidoband length (um)","point",400.00,"Pugh1992a_Nectopyramidinae"
525,"Nectadamas diomedeae","adult","Proximal heteroneme length (um)","point",100.00,"Pugh1992a_Nectopyramidinae"
528,"Nectadamas diomedeae","adult","Distal heteroneme length (um)","point",27.00,"Pugh1992a_Nectopyramidinae"
529,"Nectadamas diomedeae","adult","Distal heteroneme width (um)","point",19.00,"Pugh1992a_Nectopyramidinae"
532,"Frillagalma vityazi","adult","Depth (m)","point",892.00,"Pugh1998_Frillagalma"
533,"Frillagalma vityazi","adult","Depth (m)","point",830.00,"Pugh1998_Frillagalma"
534,"Frillagalma vityazi","adult","Depth (m)","point",841.00,"Pugh1998_Frillagalma"
535,"Frillagalma vityazi","adult","Depth (m)","point",833.00,"Pugh1998_Frillagalma"
536,"Frillagalma vityazi","adult","Depth (m)","point",784.00,"Pugh1998_Frillagalma"
537,"Frillagalma vityazi","adult","Depth (m)","point",810.00,"Pugh1998_Frillagalma"
538,"Frillagalma vityazi","adult","Depth (m)","point",795.00,"Pugh1998_Frillagalma"
539,"Frillagalma vityazi","adult","Depth (m)","point",696.00,"Pugh1998_Frillagalma"
540,"Frillagalma vityazi","adult","Depth (m)","point",722.00,"Pugh1998_Frillagalma"
541,"Frillagalma vityazi","adult","Depth (m)","point",683.00,"Pugh1998_Frillagalma"
543,"Frillagalma vityazi","adult","Heteroneme number","point",3.00,"Pugh1998_Frillagalma"
544,"Frillagalma vityazi","adult","Haploneme number","point",21.00,"Pugh1998_Frillagalma"
545,"Frillagalma vityazi","adult","Heteroneme length (um)","point",90.00,"Pugh1998_Frillagalma"
546,"Frillagalma vityazi","adult","Heteroneme length (um)","point",150.00,"Pugh1998_Frillagalma"
547,"Frillagalma vityazi","adult","Heteroneme width (um)","point",50.00,"Pugh1998_Frillagalma"
548,"Frillagalma vityazi","adult","Haploneme length (um)","point",70.00,"Pugh1998_Frillagalma"
551,"Frillagalma vityazi","adult","Haploneme width (um)","point",7.00,"Pugh1998_Frillagalma"
552,"Frillagalma vityazi","adult","Cnidosac length (um)","point",250.00,"Pugh1998_Frillagalma"
553,"Frillagalma vityazi","adult","Cnidosac width (um)","point",173.00,"Pugh1998_Frillagalma"
554,"Frillagalma vityazi","adult","Central ampulla length (um)","point",550.00,"Pugh1998_Frillagalma"
555,"Frillagalma vityazi","adult","Distal ampulla length (um)","point",1100.00,"Pugh1998_Frillagalma"
556,"Frillagalma vityazi","adult","Central ampulla width (um)","point",250.00,"Pugh1998_Frillagalma"
557,"Frillagalma vityazi","adult","Distal ampulla width (um)","point",250.00,"Pugh1998_Frillagalma"
558,"Frillagalma vityazi","adult","Distal ampulla sidebranch length (um)","point",400.00,"Pugh1998_Frillagalma"
564,"Bargmannia elongata","adult","Depth (m)","point",833.00,"Pugh1999b_Bargmannia"
565,"Bargmannia elongata","adult","Depth (m)","point",747.00,"Pugh1999b_Bargmannia"
566,"Bargmannia elongata","adult","Depth (m)","point",780.00,"Pugh1999b_Bargmannia"
567,"Bargmannia elongata","adult","Heteroneme number","point",4.00,"Pugh1999b_Bargmannia"
568,"Bargmannia elongata","adult","Heteroneme number","point",5.00,"Pugh1999b_Bargmannia"
571,"Bargmannia elongata","adult","Heteroneme length (um)","point",120.00,"Pugh1999b_Bargmannia"
572,"Bargmannia elongata","adult","Heteroneme width (um)","point",80.00,"Pugh1999b_Bargmannia"
573,"Bargmannia elongata","adult","Haploneme length (um)","point",16.00,"Pugh1999b_Bargmannia"
574,"Bargmannia elongata","adult","Haploneme width (um)","point",11.00,"Pugh1999b_Bargmannia"
575,"Bargmannia elongata","adult","Haploneme length (um)","point",8.50,"Pugh1999b_Bargmannia"
576,"Bargmannia elongata","adult","Haploneme width (um)","point",8.50,"Pugh1999b_Bargmannia"
577,"Bargmannia amoena","adult","Depth (m)","point",841.00,"Pugh1999b_Bargmannia"
578,"Bargmannia amoena","adult","Depth (m)","point",890.00,"Pugh1999b_Bargmannia"
580,"Bargmannia amoena","adult","Tentilla per tentacle","point",10.00,"Pugh1999b_Bargmannia"
581,"Bargmannia amoena","adult","Cnidoband length (um)","point",5000.00,"Pugh1999b_Bargmannia"
582,"Bargmannia amoena","adult","Haploneme length (um)","point",20.00,"Pugh1999b_Bargmannia"
583,"Bargmannia amoena","adult","Haploneme width (um)","point",14.00,"Pugh1999b_Bargmannia"
584,"Bargmannia amoena","adult","Haploneme length (um)","point",12.00,"Pugh1999b_Bargmannia"
585,"Bargmannia amoena","adult","Haploneme width (um)","point",11.00,"Pugh1999b_Bargmannia"
587,"Bargmannia amoena","adult","Heteroneme length (um)","point",135.00,"Pugh1999b_Bargmannia"
588,"Bargmannia amoena","adult","Heteroneme width (um)","point",105.00,"Pugh1999b_Bargmannia"
597,"Pyrostephos vanhoeffeni","adult","Heteroneme length (um)","point",40.00,"Pugh1999b_Bargmannia"
598,"Pyrostephos vanhoeffeni","adult","Heteroneme width (um)","point",28.00,"Pugh1999b_Bargmannia"
603,"Pyrostephos vanhoeffeni","adult","?Cnidoband desmoneme length (um)","point",6.50,"Pugh1999b_Bargmannia"
604,"Pyrostephos vanhoeffeni","adult","?Cnidoband desmoneme width (um)","point",6.50,"Pugh1999b_Bargmannia"
605,"Erenna richardi","adult","Depth (m)","point",5310.00,"Pugh2001_Erenna"
606,"Erenna richardi","adult","Depth (m)","point",871.00,"Pugh2001_Erenna"
607,"Erenna richardi","adult","Depth (m)","point",701.00,"Pugh2001_Erenna"
611,"Erenna richardi","adult","Haploneme length (um)","point",165.00,"Pugh2001_Erenna"
612,"Erenna richardi","adult","Haploneme width (um)","point",32.00,"Pugh2001_Erenna"
613,"Erenna richardi","adult","Haploneme length (um)","point",43.00,"Pugh2001_Erenna"
614,"Erenna richardi","adult","Haploneme width (um)","point",15.00,"Pugh2001_Erenna"
615,"Erenna richardi","adult","Haploneme length (um)","point",27.00,"Pugh2001_Erenna"
616,"Erenna richardi","adult","Haploneme width (um)","point",20.00,"Pugh2001_Erenna"
618,"Erenna richardi","adult","Terminal filament length (um)","point",10000.00,"Pugh2001_Erenna"
619,"Erenna richardi","adult","Depth (m)","point",2500.00,"Pugh2001_Erenna"
620,"Erenna laciniata","adult","Depth (m)","point",811.00,"Pugh2001_Erenna"
621,"Erenna laciniata","adult","Depth (m)","point",853.00,"Pugh2001_Erenna"
623,"Erenna laciniata","adult","Tentacle number","point",25.00,"Pugh2001_Erenna"
624,"Erenna laciniata","adult","Haploneme length (um)","point",128.00,"Pugh2001_Erenna"
625,"Erenna laciniata","adult","Haploneme width (um)","point",27.00,"Pugh2001_Erenna"
626,"Erenna laciniata","adult","Heteroneme length (um)","point",32.00,"Pugh2001_Erenna"
627,"Erenna laciniata","adult","Heteroneme width (um)","point",18.00,"Pugh2001_Erenna"
628,"Erenna laciniata","adult","Heteroneme length (um)","point",40.00,"Pugh2001_Erenna"
629,"Erenna laciniata","adult","Heteroneme width (um)","point",15.00,"Pugh2001_Erenna"
630,"Erenna cornuta","adult","Depth (m)","point",896.00,"Pugh2001_Erenna"
632,"Erenna cornuta","adult","Haploneme length (um)","point",130.00,"Pugh2001_Erenna"
633,"Erenna cornuta","adult","Haploneme width (um)","point",35.00,"Pugh2001_Erenna"
634,"Erenna cornuta","adult","Haploneme length (um)","point",32.00,"Pugh2001_Erenna"
635,"Erenna cornuta","adult","Haploneme width (um)","point",11.00,"Pugh2001_Erenna"
636,"Erenna cornuta","adult","Haploneme length (um)","point",41.00,"Pugh2001_Erenna"
637,"Erenna cornuta","adult","Haploneme width (um)","point",14.00,"Pugh2001_Erenna"
638,"Erenna cornuta","adult","Cnidoband length (um)","point",17000.00,"Pugh2001_Erenna"
639,"Erenna cornuta","adult","Number of serial patches","point",17.00,"Pugh2001_Erenna"
640,"Paraerenna emilyae","adult","Depth (m)","point",823.00,"Pugh2001_Erenna"
641,"Paraerenna emilyae","adult","Gastrozooid length (fixed) (mm)","point",7.50,"Pugh2001_Erenna"
642,"Paraerenna emilyae","adult","Number of hepatic stripes","point",8.00,"Pugh2001_Erenna"
643,"Paraerenna emilyae","adult","Haploneme length (um)","point",120.00,"Pugh2001_Erenna"
644,"Paraerenna emilyae","adult","Haploneme width (um)","point",20.00,"Pugh2001_Erenna"
645,"Paraerenna emilyae","adult","Haploneme length (um)","point",21.00,"Pugh2001_Erenna"
646,"Paraerenna emilyae","adult","Haploneme width (um)","point",12.00,"Pugh2001_Erenna"
647,"Paraerenna emilyae","adult","Haploneme length (um)","point",26.00,"Pugh2001_Erenna"
648,"Paraerenna emilyae","adult","Haploneme width (um)","point",15.00,"Pugh2001_Erenna"
649,"Forskalia edwardsi","adult","Peduncle/Gastrozooid length","point",2.00,"Pugh2003_Forskaliidae"
652,"Forskalia edwardsi","adult","Number of heteroneme rows per side","point",1.00,"Pugh2003_Forskaliidae"
653,"Forskalia edwardsi","adult","Desmonemes/Rhopalonemes","point",0.50,"Pugh2003_Forskaliidae"
658,"Forskalia contorta","adult","Number of heteroneme rows per side","point",1.00,"Pugh2003_Forskaliidae"
659,"Forskalia formosa","adult","Depth (m)","point",590.00,"Pugh2003_Forskaliidae"
660,"Forskalia formosa","adult","Basigaster proportion","point",0.50,"Pugh2003_Forskaliidae"
661,"Forskalia formosa","adult","Number of hepatic stripes","point",16.00,"Pugh2003_Forskaliidae"
662,"Forskalia formosa","adult","Number of coils","point",2.50,"Pugh2003_Forskaliidae"
663,"Forskalia formosa","adult","Number of heteroneme rows per side","point",1.00,"Pugh2003_Forskaliidae"
664,"Forskalia formosa","adult","Heteroneme length (um)","point",45.00,"Pugh2003_Forskaliidae"
665,"Forskalia formosa","adult","Heteroneme width (um)","point",22.00,"Pugh2003_Forskaliidae"
666,"Forskalia formosa","adult","Haploneme length (um)","point",25.00,"Pugh2003_Forskaliidae"
667,"Forskalia formosa","adult","Haploneme width (um)","point",5.00,"Pugh2003_Forskaliidae"
668,"Forskalia formosa","adult","Gastrozooid length (mm)","point",4.40,"Pugh2003_Forskaliidae"
669,"Forskalia formosa","adult","Depth (m)","point",0.00,"Pugh2003_Forskaliidae"
670,"Forskalia formosa","adult","Depth (m)","point",326.00,"Pugh2003_Forskaliidae"
671,"Forskalia formosa","adult","Depth (m)","point",748.00,"Pugh2003_Forskaliidae"
672,"Forskalia formosa","adult","Number of gastrozooid rows per spiral","point",4.00,"Pugh2003_Forskaliidae"
678,"Forskalia asymmetrica","adult","Depth (m)","point",432.00,"Pugh2003_Forskaliidae"
679,"Forskalia asymmetrica","adult","Gastrozooid length (mm)","point",4.60,"Pugh2003_Forskaliidae"
680,"Forskalia asymmetrica","adult","Peduncle length (mm)","point",4.50,"Pugh2003_Forskaliidae"
681,"Forskalia asymmetrica","adult","Peduncle/Gastrozooid length","point",1.00,"Pugh2003_Forskaliidae"
682,"Forskalia asymmetrica","adult","Number of coils","point",6.00,"Pugh2003_Forskaliidae"
683,"Forskalia saccula","adult","Number of gastrozooids","point",7.00,"Pugh2003_Forskaliidae"
684,"Forskalia saccula","adult","Number of coils","point",4.00,"Pugh2003_Forskaliidae"
686,"Physophora gilmeri","adult","Depth (m)","point",488.00,"Pugh2005_Physophora"
687,"Physophora gilmeri","adult","Peduncle length (mm)","point",2.20,"Pugh2005_Physophora"
688,"Physophora gilmeri","adult","Number of hepatic stripes","point",12.00,"Pugh2005_Physophora"
689,"Physophora gilmeri","adult","Number of coils","point",6.00,"Pugh2005_Physophora"
690,"Physophora gilmeri","adult","Number of coils","point",7.00,"Pugh2005_Physophora"
691,"Physophora gilmeri","adult","Cnidosac length (um)","point",1000.00,"Pugh2005_Physophora"
692,"Physophora gilmeri","adult","Heteroneme length (um)","point",93.00,"Pugh2005_Physophora"
693,"Physophora gilmeri","adult","Heteroneme width (um)","point",30.00,"Pugh2005_Physophora"
694,"Physophora gilmeri","adult","Number of heteroneme rows per side (proximal cnidoband)","point",1.00,"Pugh2005_Physophora"
695,"Physophora gilmeri","adult","Number of heteroneme rows per side (distal cnidoband)","point",0.00,"Pugh2005_Physophora"
696,"Physophora hydrostatica","adult","Pedicle length (um)","point",6000.00,"Pugh2005_Physophora"
697,"Physophora hydrostatica","adult","Cnidosac length (um)","point",2000.00,"Pugh2005_Physophora"
698,"Physophora hydrostatica","adult","Number of coils","point",8.00,"Pugh2005_Physophora"
699,"Physophora hydrostatica","adult","Pedicle width (um)","point",300.00,"Pugh2005_Physophora"
700,"Physophora gilmeri","adult","Pedicle width (um)","point",100.00,"Pugh2005_Physophora"
701,"Resomia ornicephala","adult","Depth (m)","point",233.00,"Pugh2009cResomiid"
702,"Resomia ornicephala","adult","Depth (m)","point",241.00,"Pugh2009cResomiid"
703,"Resomia ornicephala","adult","Depth (m)","point",201.00,"Pugh2009cResomiid"
704,"Resomia ornicephala","adult","Depth (m)","point",192.00,"Pugh2009cResomiid"
705,"Resomia ornicephala","adult","Depth (m)","point",164.00,"Pugh2009cResomiid"
706,"Resomia ornicephala","adult","Depth (m)","point",219.00,"Pugh2009cResomiid"
707,"Resomia ornicephala","adult","Depth (m)","point",200.00,"Pugh2009cResomiid"
708,"Resomia ornicephala","adult","Depth (m)","point",219.00,"Pugh2009cResomiid"
709,"Resomia ornicephala","adult","Depth (m)","point",219.00,"Pugh2009cResomiid"
710,"Resomia ornicephala","adult","Depth (m)","point",237.00,"Pugh2009cResomiid"
711,"Resomia ornicephala","adult","Depth (m)","point",211.00,"Pugh2009cResomiid"
712,"Resomia ornicephala","adult","Depth (m)","point",254.00,"Pugh2009cResomiid"
713,"Resomia ornicephala","adult","Depth (m)","point",286.00,"Pugh2009cResomiid"
714,"Resomia ornicephala","adult","Depth (m)","point",206.00,"Pugh2009cResomiid"
715,"Resomia ornicephala","adult","Depth (m)","point",210.00,"Pugh2009cResomiid"
716,"Resomia ornicephala","adult","Depth (m)","point",200.00,"Pugh2009cResomiid"
717,"Resomia ornicephala","adult","Depth (m)","point",199.00,"Pugh2009cResomiid"
718,"Resomia ornicephala","adult","Depth (m)","point",199.00,"Pugh2009cResomiid"
719,"Resomia ornicephala","adult","Depth (m)","point",216.00,"Pugh2009cResomiid"
720,"Resomia ornicephala","adult","Depth (m)","point",201.00,"Pugh2009cResomiid"
721,"Resomia ornicephala","adult","Depth (m)","point",197.00,"Pugh2009cResomiid"
722,"Resomia ornicephala","adult","Depth (m)","point",271.00,"Pugh2009cResomiid"
723,"Resomia ornicephala","adult","Depth (m)","point",239.00,"Pugh2009cResomiid"
724,"Resomia ornicephala","adult","Depth (m)","point",239.00,"Pugh2009cResomiid"
725,"Resomia ornicephala","adult","Depth (m)","point",267.00,"Pugh2009cResomiid"
726,"Resomia ornicephala","adult","Depth (m)","point",267.00,"Pugh2009cResomiid"
727,"Resomia ornicephala","adult","Depth (m)","point",298.00,"Pugh2009cResomiid"
728,"Resomia ornicephala","adult","Depth (m)","point",190.00,"Pugh2009cResomiid"
729,"Resomia ornicephala","adult","Depth (m)","point",212.00,"Pugh2009cResomiid"
730,"Resomia ornicephala","adult","Depth (m)","point",230.00,"Pugh2009cResomiid"
731,"Resomia ornicephala","adult","Depth (m)","point",229.00,"Pugh2009cResomiid"
732,"Resomia ornicephala","adult","Depth (m)","point",201.00,"Pugh2009cResomiid"
733,"Resomia ornicephala","adult","Depth (m)","point",208.00,"Pugh2009cResomiid"
734,"Resomia ornicephala","adult","Depth (m)","point",262.00,"Pugh2009cResomiid"
735,"Resomia ornicephala","adult","Depth (m)","point",200.00,"Pugh2009cResomiid"
736,"Resomia ornicephala","adult","Depth (m)","point",179.00,"Pugh2009cResomiid"
737,"Resomia ornicephala","adult","Depth (m)","point",183.00,"Pugh2009cResomiid"
738,"Resomia ornicephala","adult","Depth (m)","point",219.00,"Pugh2009cResomiid"
739,"Resomia ornicephala","adult","Depth (m)","point",244.00,"Pugh2009cResomiid"
740,"Resomia ornicephala","adult","Depth (m)","point",257.00,"Pugh2009cResomiid"
741,"Resomia ornicephala","adult","Depth (m)","point",218.00,"Pugh2009cResomiid"
742,"Resomia ornicephala","adult","Depth (m)","point",266.00,"Pugh2009cResomiid"
743,"Resomia ornicephala","adult","Depth (m)","point",264.00,"Pugh2009cResomiid"
744,"Resomia ornicephala","adult","Depth (m)","point",209.00,"Pugh2009cResomiid"
745,"Resomia ornicephala","adult","Depth (m)","point",285.00,"Pugh2009cResomiid"
746,"Resomia ornicephala","adult","Depth (m)","point",192.00,"Pugh2009cResomiid"
747,"Resomia ornicephala","adult","Depth (m)","point",201.00,"Pugh2009cResomiid"
748,"Resomia ornicephala","adult","Depth (m)","point",221.00,"Pugh2009cResomiid"
749,"Resomia ornicephala","adult","Depth (m)","point",210.00,"Pugh2009cResomiid"
750,"Resomia ornicephala","adult","Depth (m)","point",232.00,"Pugh2009cResomiid"
751,"Resomia ornicephala","adult","Depth (m)","point",189.00,"Pugh2009cResomiid"
752,"Resomia ornicephala","adult","Depth (m)","point",139.00,"Pugh2009cResomiid"
753,"Resomia ornicephala","adult","Depth (m)","point",197.00,"Pugh2009cResomiid"
754,"Resomia ornicephala","adult","Depth (m)","point",241.00,"Pugh2009cResomiid"
755,"Resomia ornicephala","adult","Depth (m)","point",268.00,"Pugh2009cResomiid"
756,"Resomia ornicephala","adult","Depth (m)","point",188.00,"Pugh2009cResomiid"
757,"Resomia ornicephala","adult","Depth (m)","point",246.00,"Pugh2009cResomiid"
762,"Resomia ornicephala","adult","Involucrum pigment dots fluorescence peak (nm)","point",536.00,"Pugh2009cResomiid"
764,"Resomia ornicephala","adult","Involucrum pigment stripe fluorescence peak (nm)","point",518.00,"Pugh2009cResomiid"
765,"Resomia ornicephala","adult","Heteroneme length (um)","point",75.00,"Pugh2009cResomiid"
766,"Resomia ornicephala","adult","Heteroneme width (um)","point",19.00,"Pugh2009cResomiid"
805,"Resomia persica","adult","Depth (m)","point",602.00,"Pugh2009cResomiid"
806,"Resomia persica","adult","Depth (m)","point",601.00,"Pugh2009cResomiid"
807,"Resomia persica","adult","Depth (m)","point",799.00,"Pugh2009cResomiid"
808,"Resomia persica","adult","Depth (m)","point",563.00,"Pugh2009cResomiid"
809,"Resomia persica","adult","Depth (m)","point",796.00,"Pugh2009cResomiid"
810,"Resomia persica","adult","Number of zags","point",3.25,"Pugh2009cResomiid"
811,"Resomia persica","adult","Tentacle number","point",3.00,"Pugh2009cResomiid"
818,"Resomia persica","adult","Haploneme length (um)","point",55.00,"Pugh2009cResomiid"
819,"Resomia persica","adult","Haploneme width (um)","point",8.00,"Pugh2009cResomiid"
820,"Resomia persica","adult","Number of zags with heteronemes","point",1.00,"Pugh2009cResomiid"
821,"Resomia persica","adult","Number of heteroneme rows (proximal cnidoband) per side","point",2.00,"Pugh2009cResomiid"
822,"Resomia persica","adult","Number of heteroneme rows (middle cnidoband) per side","point",3.00,"Pugh2009cResomiid"
823,"Resomia persica","adult","Number of heteroneme rows (middle-distal cnidoband) per side","point",2.00,"Pugh2009cResomiid"
824,"Resomia persica","adult","Number of heteroneme rows (distal cnidoband) per side","point",1.00,"Pugh2009cResomiid"
828,"Resomia persica","adult","Terminal filament desmoneme length (um)","point",30.00,"Pugh2009cResomiid"
829,"Resomia persica","adult","Terminal filament desmoneme width (um)","point",10.00,"Pugh2009cResomiid"
834,"Resomia persica","adult","Desmoneme/Rhopaloneme ratio","point",0.25,"Pugh2009cResomiid"
837,"Resomia dunni","adult","Depth (m)","point",979.00,"Pugh2009cResomiid"
838,"Resomia dunni","adult","Depth (m)","point",462.00,"Pugh2009cResomiid"
839,"Resomia dunni","adult","Depth (m)","point",808.00,"Pugh2009cResomiid"
840,"Resomia dunni","adult","Depth (m)","point",917.00,"Pugh2009cResomiid"
841,"Resomia dunni","adult","Depth (m)","point",881.00,"Pugh2009cResomiid"
842,"Resomia dunni","adult","Depth (m)","point",661.00,"Pugh2009cResomiid"
843,"Resomia dunni","adult","Depth (m)","point",660.00,"Pugh2009cResomiid"
844,"Resomia dunni","adult","Depth (m)","point",1620.00,"Pugh2009cResomiid"
845,"Resomia dunni","adult","Depth (m)","point",1888.00,"Pugh2009cResomiid"
846,"Resomia dunni","adult","Depth (m)","point",1112.00,"Pugh2009cResomiid"
847,"Resomia dunni","adult","Depth (m)","point",1233.00,"Pugh2009cResomiid"
848,"Resomia dunni","adult","Depth (m)","point",1592.00,"Pugh2009cResomiid"
849,"Resomia dunni","adult","Depth (m)","point",916.00,"Pugh2009cResomiid"
850,"Resomia dunni","adult","Depth (m)","point",772.00,"Pugh2009cResomiid"
851,"Resomia dunni","adult","Depth (m)","point",0.00,"Pugh2009cResomiid"
853,"Resomia dunni","adult","Tentilla per tentacle","point",10.00,"Pugh2009cResomiid"
854,"Resomia dunni","adult","Heteroneme length (um)","point",280.00,"Pugh2009cResomiid"
855,"Resomia dunni","adult","Heteroneme width (um)","point",45.00,"Pugh2009cResomiid"
856,"Resomia dunni","adult","Involucrum cover (%)","point",100.00,"Pugh2009cResomiid"
857,"Resomia dunni","adult","Heteroneme number","point",200.00,"Pugh2009cResomiid"
858,"Resomia dunni","adult","Number of heteroneme rows per side","point",1.00,"Pugh2009cResomiid"
859,"Resomia dunni","adult","Heteroneme shaft length (um)","point",300.00,"Pugh2009cResomiid"
869,"Resomia dunni","adult","Terminal filament rhopaloneme length (um)","point",30.00,"Pugh2009cResomiid"
870,"Resomia dunni","adult","Terminal filament rhopaloneme width (um)","point",13.00,"Pugh2009cResomiid"
874,"Resomia convoluta","adult","Number of zags","point",3.20,"Pugh2009cResomiid"
875,"Resomia similis","adult","Number of zags","point",3.00,"Pugh2009cResomiid"
877,"Sphaeronectes koellikeri","adult","Heteroneme number","point",4.00,"Claus1874"
878,"Sphaeronectes irregularis","adult","Heteroneme number","point",4.00,"Claus1874"
879,"Sphaeronectes christiansonae","adult","Depth (m)","point",840.00,"Pugh2009_Sphaeronectidae"
880,"Sphaeronectes christiansonae","adult","Depth (m)","point",508.00,"Pugh2009_Sphaeronectidae"
881,"Sphaeronectes christiansonae","adult","Heteroneme number","point",4.00,"Pugh2009_Sphaeronectidae"
882,"Sphaeronectes christiansonae","adult","Cnidoband length (um)","point",100.00,"Pugh2009_Sphaeronectidae"
883,"Sphaeronectes haddocki","adult","Depth (m)","point",354.00,"Pugh2009_Sphaeronectidae"
884,"Sphaeronectes haddocki","adult","Depth (m)","point",397.00,"Pugh2009_Sphaeronectidae"
885,"Sphaeronectes haddocki","adult","Depth (m)","point",412.00,"Pugh2009_Sphaeronectidae"
886,"Sphaeronectes haddocki","adult","Depth (m)","point",433.00,"Pugh2009_Sphaeronectidae"
890,"Sphaeronectes haddocki","adult","Basigaster proportion","point",0.25,"Pugh2009_Sphaeronectidae"
891,"Sphaeronectes haddocki","adult","Heteroneme number","point",4.00,"Pugh2009_Sphaeronectidae"
892,"Sphaeronectes haddocki","adult","Depth (m)","point",488.00,"Pugh2009_Sphaeronectidae"
894,"Sphaeronectes haddocki","adult","Depth (m)","point",391.00,"Pugh2009_Sphaeronectidae"
895,"Sphaeronectes haddocki","adult","Cnidoband length (um)","point",150.00,"Pugh2009_Sphaeronectidae"
896,"Sphaeronectes haddocki","adult","Heteroneme length (um)","point",63.60,"Pugh2009_Sphaeronectidae"
897,"Sphaeronectes haddocki","adult","Heteroneme length (um)","point",65.40,"Pugh2009_Sphaeronectidae"
898,"Sphaeronectes haddocki","adult","Heteroneme width (um)","point",9.10,"Pugh2009_Sphaeronectidae"
899,"Sphaeronectes haddocki","adult","Heteroneme width (um)","point",10.90,"Pugh2009_Sphaeronectidae"
900,"Sphaeronectes christiansonae","adult","Heteroneme length (um)","point",48.60,"Pugh2009_Sphaeronectidae"
901,"Sphaeronectes christiansonae","adult","Heteroneme width (um)","point",5.70,"Pugh2009_Sphaeronectidae"
902,"Sphaeronectes tiburonae","adult","Depth (m)","point",1896.00,"Pugh2009_Sphaeronectidae"
905,"Halistemma rubrum","adult","Number of terminal filaments","point",1.00,"Pugh2014Halistemma"
906,"Halistemma rubrum","adult","Depth (m)","point",506.00,"Pugh2014Halistemma"
907,"Halistemma rubrum","adult","Depth (m)","point",640.00,"Pugh2014Halistemma"
908,"Halistemma rubrum","adult","Depth (m)","point",445.00,"Pugh2014Halistemma"
909,"Halistemma rubrum","adult","Depth (m)","point",536.00,"Pugh2014Halistemma"
910,"Halistemma rubrum","adult","Depth (m)","point",527.00,"Pugh2014Halistemma"
911,"Halistemma rubrum","adult","Depth (m)","point",245.00,"Pugh2014Halistemma"
912,"Halistemma rubrum","adult","Depth (m)","point",213.00,"Pugh2014Halistemma"
913,"Halistemma rubrum","adult","Depth (m)","point",297.00,"Pugh2014Halistemma"
914,"Halistemma rubrum","adult","Involucrum cover (%)","point",0.00,"Pugh2014Halistemma"
917,"Halistemma rubrum","adult","Heteroneme length (um)","point",56.00,"Pugh2014Halistemma"
918,"Halistemma rubrum","adult","Heteroneme width (um)","point",17.00,"Pugh2014Halistemma"
919,"Halistemma rubrum","adult","Number of heteroneme rows per side (proximal cnidoband)","point",1.00,"Pugh2014Halistemma"
920,"Halistemma rubrum","adult","Number of heteroneme rows per side (distal cnidoband)","point",0.00,"Pugh2014Halistemma"
921,"Halistemma rubrum","adult","Haploneme length (um)","point",50.00,"Pugh2014Halistemma"
922,"Halistemma rubrum","adult","Haploneme width (um)","point",8.00,"Pugh2014Halistemma"
923,"Halistemma rubrum","adult","Desmoneme length (um)","point",14.00,"Pugh2014Halistemma"
924,"Halistemma rubrum","adult","Desmoneme width (um)","point",8.00,"Pugh2014Halistemma"
925,"Halistemma rubrum","adult","Rhopaloneme length (um)","point",10.00,"Pugh2014Halistemma"
926,"Halistemma rubrum","adult","Rhopaloneme width (um)","point",13.00,"Pugh2014Halistemma"
936,"Halistemma cupulifera","adult","Depth (m)","point",683.00,"Pugh2014Halistemma"
937,"Halistemma cupulifera","adult","Depth (m)","point",0.00,"Pugh2014Halistemma"
940,"Halistemma cupulifera","adult","Haploneme length (um)","point",48.00,"Pugh2014Halistemma"
941,"Halistemma cupulifera","adult","Haploneme width (um)","point",6.50,"Pugh2014Halistemma"
942,"Halistemma cupulifera","adult","Number of heteroneme rows per side (distal cnidoband)","point",0.00,"Pugh2014Halistemma"
943,"Halistemma cupulifera","adult","Number of heteroneme rows per side (proximal cnidoband)","point",1.00,"Pugh2014Halistemma"
944,"Halistemma cupulifera","adult","Heteroneme number","point",50.00,"Pugh2014Halistemma"
945,"Halistemma cupulifera","adult","Heteroneme length (um)","point",67.00,"Pugh2014Halistemma"
946,"Halistemma cupulifera","adult","Heteroneme width (um)","point",26.00,"Pugh2014Halistemma"
947,"Halistemma cupulifera","adult","Platelet length","point",12.00,"Pugh2014Halistemma"
948,"Halistemma cupulifera","adult","Number of terminal filaments","point",1.00,"Pugh2014Halistemma"
953,"Halistemma cupulifera","adult","Desmoneme length (um)","point",25.00,"Pugh2014Halistemma"
954,"Halistemma cupulifera","adult","Desmoneme width (um)","point",10.50,"Pugh2014Halistemma"
961,"Halistemma cupulifera","adult","Depth (m)","point",20.00,"Pages&Madin2010"
962,"Halistemma striata","adult","Involucrum cover (coils)","point",1.50,"Pugh2014Halistemma"
963,"Halistemma striata","adult","Depth (m)","point",706.00,"Pugh2014Halistemma"
964,"Halistemma striata","adult","Depth (m)","point",768.00,"Pugh2014Halistemma"
967,"Halistemma striata","adult","Heteroneme length (um)","point",92.00,"Pugh2014Halistemma"
968,"Halistemma striata","adult","Heteroneme width (um)","point",40.00,"Pugh2014Halistemma"
969,"Halistemma striata","adult","Haploneme length (um)","point",81.00,"Pugh2014Halistemma"
970,"Halistemma striata","adult","Haploneme width (um)","point",12.50,"Pugh2014Halistemma"
971,"Halistemma striata","adult","Desmoneme length (um)","point",25.00,"Pugh2014Halistemma"
972,"Halistemma striata","adult","Desmoneme width (um)","point",10.50,"Pugh2014Halistemma"
973,"Halistemma striata","adult","Rhopaloneme length (um)","point",31.00,"Pugh2014Halistemma"
974,"Halistemma striata","adult","Rhopaloneme width (um)","point",11.00,"Pugh2014Halistemma"
975,"Halistemma transliratum","adult","Depth (m)","point",472.00,"Pugh2014Halistemma"
976,"Halistemma transliratum","adult","Depth (m)","point",563.00,"Pugh2014Halistemma"
978,"Halistemma transliratum","adult","Depth (m)","point",628.00,"Pugh2014Halistemma"
979,"Halistemma transliratum","adult","Depth (m)","point",563.00,"Pugh2014Halistemma"
983,"Halistemma foliacea","adult","Number of coils","point",6.00,"Pugh2014Halistemma"
984,"Halistemma foliacea","adult","Number of coils","point",7.00,"Pugh2014Halistemma"
985,"Halistemma foliacea","adult","Terminal sinker length (um)","point",100.00,"Pugh2014Halistemma"
986,"Halistemma foliacea","adult","Terminal sinker width (um)","point",90.00,"Pugh2014Halistemma"
987,"Halistemma foliacea","adult","Number of heteroneme rows per side (distal cnidoband)","point",0.00,"Pugh2014Halistemma"
988,"Halistemma foliacea","adult","Number of heteroneme rows per side (proximal cnidoband)","point",2.00,"Pugh2014Halistemma"
989,"Halistemma foliacea","adult","Heteroneme length (um)","point",70.00,"Pugh2014Halistemma"
990,"Halistemma foliacea","adult","Heteroneme width (um)","point",25.00,"Pugh2014Halistemma"
991,"Halistemma foliacea","adult","Haploneme length (um)","point",47.00,"Pugh2014Halistemma"
992,"Halistemma foliacea","adult","Haploneme width (um)","point",9.00,"Pugh2014Halistemma"
993,"Halistemma foliacea","adult","Desmoneme length (um)","point",22.00,"Pugh2014Halistemma"
994,"Halistemma foliacea","adult","Desmoneme width (um)","point",10.00,"Pugh2014Halistemma"
995,"Halistemma foliacea","adult","Rhopaloneme length (um)","point",21.00,"Pugh2014Halistemma"
996,"Halistemma foliacea","adult","Rhopaloneme width (um)","point",9.00,"Pugh2014Halistemma"
997,"Halistemma maculatum","adult","Depth (m)","point",122.00,"Pugh2014Halistemma"
1000,"Halistemma maculatum","adult","Depth (m)","point",640.00,"Pugh2014Halistemma"
1001,"Halistemma maculatum","adult","Depth (m)","point",828.00,"Pugh2014Halistemma"
1002,"Halistemma maculatum","adult","Depth (m)","point",777.00,"Pugh2014Halistemma"
1005,"Halistemma maculatum","adult","Depth (m)","point",800.00,"Pugh2014Halistemma"
1006,"Halistemma maculatum","adult","Depth (m)","point",837.00,"Pugh2014Halistemma"
1007,"Halistemma maculatum","adult","Depth (m)","point",715.00,"Pugh2014Halistemma"
1008,"Halistemma maculatum","adult","Depth (m)","point",799.00,"Pugh2014Halistemma"
1009,"Halistemma maculatum","adult","Depth (m)","point",792.00,"Pugh2014Halistemma"
1010,"Halistemma maculatum","adult","Depth (m)","point",606.00,"Pugh2014Halistemma"
1015,"Halistemma maculatum","adult","Heteroneme length (um)","point",68.00,"Pugh2014Halistemma"
1016,"Halistemma maculatum","adult","Heteroneme width (um)","point",25.00,"Pugh2014Halistemma"
1017,"Halistemma maculatum","adult","Number of heteroneme rows per side (proximal cnidoband)","point",1.00,"Pugh2014Halistemma"
1026,"Halistemma maculatum","adult","Rhopaloneme length (um)","point",18.50,"Pugh2014Halistemma"
1027,"Halistemma maculatum","adult","Rhopaloneme width (um)","point",9.00,"Pugh2014Halistemma"
1028,"Halistemma maculatum","adult","Desmoneme length (um)","point",22.00,"Pugh2014Halistemma"
1029,"Halistemma maculatum","adult","Desmoneme width (um)","point",9.00,"Pugh2014Halistemma"
1030,"Halistemma maculatum","adult","Terminal sinker length (um)","point",180.00,"Pugh2014Halistemma"
1031,"Halistemma maculatum","adult","Terminal sinker width (um)","point",100.00,"Pugh2014Halistemma"
1033,"Halistemma maculatum","adult","Sinker nematocyst length (um)","point",14.00,"Pugh2014Halistemma"
1034,"Halistemma maculatum","adult","Sinker nematocyst width (um)","point",9.00,"Pugh2014Halistemma"
1035,"Halistemma maculatum","adult","Sinker platelet width (um)","point",16.00,"Pugh2014Halistemma"
1047,"Halistemma maculatum","adult","Depth (m)","point",806.00,"Pugh2014Halistemma"
1054,"Stephanomia amphitridis","adult","Number of terminal filaments","point",1.00,"Pugh2014Halistemma"
1059,"Stephanomia amphitridis","adult","Depth (m)","point",1161.00,"Pugh2014Halistemma"
1061,"Stephanomia amphitridis","adult","Depth (m)","point",1401.00,"Pugh2014Halistemma"
1062,"Stephanomia amphitridis","adult","Colony length (cm)","point",500.00,"Pugh2014Halistemma"
1063,"Stephanomia amphitridis","adult","Gastrozooid length (mm)","point",30.00,"Pugh2014Halistemma"
1064,"Stephanomia amphitridis","adult","Basigaster proportion","point",0.33,"Pugh2014Halistemma"
1074,"Stephanomia amphitridis","adult","Heteroneme length (um)","point",175.00,"Pugh2014Halistemma"
1075,"Stephanomia amphitridis","adult","Heteroneme width (um)","point",50.00,"Pugh2014Halistemma"
1076,"Stephanomia amphitridis","adult","Number of heteroneme rows per side (distal cnidoband)","point",1.00,"Pugh2014Halistemma"
1077,"Stephanomia amphitridis","adult","Number of heteroneme rows per side (proximal cnidoband)","point",2.00,"Pugh2014Halistemma"
1078,"Stephanomia amphitridis","adult","Rhopaloneme width (um)","point",45.00,"Pugh2014Halistemma"
1079,"Stephanomia amphitridis","adult","Rhopaloneme length (um)","point",80.00,"Pugh2014Halistemma"
1080,"Stephanomia amphitridis","adult","Desmoneme length (um)","point",62.00,"Pugh2014Halistemma"
1081,"Stephanomia amphitridis","adult","Desmoneme width (um)","point",20.00,"Pugh2014Halistemma"
1082,"Stephanomia amphitridis","adult","Number of rhopaloneme rows","point",3.00,"Pugh2014Halistemma"
1096,"Stephanomia amphitridis","adult","Depth (m)","point",800.00,"Pugh2014Halistemma"
1098,"Stephanomia amphitridis","adult","Depth (m)","point",1192.00,"Pugh2014Halistemma"
1099,"Stephanomia amphitridis","adult","Depth (m)","point",1401.00,"Pugh2014Halistemma"
1101,"Stephanomia amphitridis","adult","Depth (m)","point",1993.00,"Pugh2014Halistemma"
1102,"Stephanomia amphitridis","adult","Depth (m)","point",1993.00,"Pugh2014Halistemma"
1103,"Stephanomia amphitridis","adult","Depth (m)","point",1319.00,"Pugh2014Halistemma"
1105,"Stephanomia amphitridis","adult","Depth (m)","point",1434.00,"Pugh2014Halistemma"
1106,"Stephanomia amphitridis","adult","Depth (m)","point",1168.00,"Pugh2014Halistemma"
1107,"Stephanomia amphitridis","adult","Depth (m)","point",1304.00,"Pugh2014Halistemma"
1112,"Stephanomia amphitridis","adult","Depth (m)","point",899.00,"Pugh2014Halistemma"
1113,"Stephanomia amphitridis","adult","Depth (m)","point",761.00,"Pugh2014Halistemma"
1114,"Stephanomia amphitridis","adult","Depth (m)","point",1368.00,"Pugh2014Halistemma"
1115,"Stephanomia amphitridis","adult","Depth (m)","point",1304.00,"Pugh2014Halistemma"
1118,"Abyla trigona","adult","Prey length (mm)","point",1.00,"Purcell1981b_feeding"
1121,"Abyla trigona","adult","Gastrozooid length (mm)","point",4.20,"Purcell1981b_feeding"
1122,"Abyla trigona","adult","Prey number/Gastrozooid number (%)","point",40.00,"Purcell1981b_feeding"
1136,"Agalma okeni","adult","Relative fish consumption","point",100.00,"Purcell1981b_feeding"
1141,"Agalma okeni","adult","Prey number/Gastrozooid number (%)","point",16.70,"Purcell1981b_feeding"
1148,"Apolemia uvaria","adult","Prey number/Gastrozooid number (%)","point",15.00,"Purcell1981b_feeding"
1149,"Apolemia uvaria","adult","Prey number/Gastrozooid number (%)","point",82.60,"Purcell1981b_feeding"
1150,"Apolemia uvaria","adult","Relative copepod consumption","point",14.00,"Purcell1981b_feeding"
1151,"Apolemia uvaria","adult","Relative decapod consumption","point",2.70,"Purcell1981b_feeding"
1152,"Apolemia uvaria","adult","Relative decapod consumption","point",73.30,"Purcell1981b_feeding"
1153,"Apolemia uvaria","adult","Relative chaetognath consumption","point",20.00,"Purcell1981b_feeding"
1154,"Apolemia uvaria","adult","Relative chaetognath consumption","point",62.00,"Purcell1981b_feeding"
1155,"Apolemia uvaria","adult","Relative fish consumption","point",0.70,"Purcell1981b_feeding"
1156,"Apolemia uvaria","adult","Relative mollusc consumption","point",6.70,"Purcell1981b_feeding"
1157,"Apolemia uvaria","adult","Relative gelatinous consumption","point",13.30,"Purcell1981b_feeding"
1193,"Chelophyes appendiculata","adult","Night/Day feeding rate","point",1.75,"Purcell1981b_feeding"
1212,"Diphyes dispar","adult","Night/Day feeding rate","point",2.41,"Purcell1981b_feeding"
1229,"Muggiaea atlantica","adult","Night/Day feeding rate","point",3.45,"Purcell1981b_feeding"
1251,"Rosacea cymbiformis","adult","Tentacle number","point",57.00,"Purcell1981b_feeding"
1252,"Rosacea cymbiformis","adult","Relative copepod consumption","point",100.00,"Purcell1981b_feeding"
1305,"Abyla trigona","adult","Cnidoband length (um)","point",396.00,"Purcell1984"
1306,"Abyla trigona","adult","Cnidoband width (um)","point",248.00,"Purcell1984"
1307,"Abyla trigona","adult","Cnidoband depth (um)","point",120.00,"Purcell1984"
1308,"Abyla trigona","adult","Heteroneme length (um)","point",153.00,"Purcell1984"
1309,"Abyla trigona","adult","Heteroneme width (um)","point",15.00,"Purcell1984"
1312,"Abyla trigona","adult","Haploneme length (um)","point",54.00,"Purcell1984"
1313,"Abyla trigona","adult","Haploneme width (um)","point",12.50,"Purcell1984"
1314,"Abyla trigona","adult","Haploneme number","point",400.00,"Purcell1984"
1315,"Abyla trigona","adult","Haploneme length (um)","point",23.00,"Purcell1984"
1316,"Abyla trigona","adult","Haploneme width (um)","point",12.00,"Purcell1984"
1317,"Abyla trigona","adult","Terminal filament nematocyst length (um)","point",15.00,"Purcell1984"
1318,"Abyla trigona","adult","Terminal filament nematocyst width (um)","point",5.00,"Purcell1984"
1320,"Abyla trigona","adult","Heteroneme volume (ul)","point",18.02,"Purcell1984"
1321,"Abyla trigona","adult","Nematocysts per battery","point",413.00,"Purcell1984"
1328,"Abylopsis tetragona","adult","Cnidoband length (um)","point",891.00,"Purcell1984"
1329,"Abylopsis tetragona","adult","Cnidoband width (um)","point",198.00,"Purcell1984"
1330,"Abylopsis tetragona","adult","Cnidoband depth (um)","point",70.00,"Purcell1984"
1333,"Abylopsis tetragona","adult","Heteroneme width (um)","point",15.00,"Purcell1984"
1336,"Abylopsis tetragona","adult","Haploneme length (um)","point",52.50,"Purcell1984"
1337,"Abylopsis tetragona","adult","Haploneme width (um)","point",10.00,"Purcell1984"
1338,"Abylopsis tetragona","adult","Haploneme number","point",800.00,"Purcell1984"
1339,"Abylopsis tetragona","adult","Haploneme length (um)","point",25.00,"Purcell1984"
1340,"Abylopsis tetragona","adult","Haploneme width (um)","point",12.50,"Purcell1984"
1341,"Abylopsis tetragona","adult","Terminal filament nematocyst length (um)","point",23.00,"Purcell1984"
1342,"Abylopsis tetragona","adult","Terminal filament nematocyst width (um)","point",3.00,"Purcell1984"
1343,"Abylopsis tetragona","adult","Terminal filament nematocyst length (um)","point",15.00,"Purcell1984"
1344,"Abylopsis tetragona","adult","Terminal filament nematocyst width (um)","point",5.00,"Purcell1984"
1345,"Agalma elegans","adult","Cnidoband length (um)","point",396.00,"Purcell1984"
1346,"Agalma elegans","adult","Cnidoband width (um)","point",120.00,"Purcell1984"
1347,"Agalma elegans","adult","Cnidoband depth (um)","point",120.00,"Purcell1984"
1354,"Agalma elegans","adult","Haploneme length (um)","point",35.00,"Purcell1984"
1355,"Agalma elegans","adult","Haploneme width (um)","point",5.00,"Purcell1984"
1356,"Agalma elegans","adult","Haploneme number","point",17000.00,"Purcell1984"
1362,"Agalma elegans","adult","Heteroneme volume (ul)","point",27.21,"Purcell1984"
1363,"Agalma elegans","adult","Heteroneme volume (ul)","point",73.85,"Purcell1984"
1364,"Agalma elegans","adult","Nematocysts per battery","point",17030.00,"Purcell1984"
1371,"Agalma okeni","adult","Cnidoband length (um)","point",1164.00,"Purcell1984"
1372,"Agalma okeni","adult","Cnidoband width (um)","point",680.00,"Purcell1984"
1373,"Agalma okeni","adult","Cnidoband depth (um)","point",680.00,"Purcell1984"
1380,"Agalma okeni","adult","Haploneme length (um)","point",47.50,"Purcell1984"
1381,"Agalma okeni","adult","Haploneme width (um)","point",6.00,"Purcell1984"
1382,"Agalma okeni","adult","Haploneme number","point",20500.00,"Purcell1984"
1383,"Agalma okeni","adult","Terminal filament nematocyst length (um)","point",7.00,"Purcell1984"
1384,"Agalma okeni","adult","Terminal filament nematocyst width (um)","point",7.00,"Purcell1984"
1386,"Agalma okeni","adult","Heteroneme volume (ul)","point",40.69,"Purcell1984"
1387,"Agalma okeni","adult","Nematocysts per battery","point",20620.00,"Purcell1984"
1394,"Athorybia rosacea","adult","Cnidoband length (um)","point",102.00,"Purcell1984"
1395,"Athorybia rosacea","adult","Cnidoband width (um)","point",60.00,"Purcell1984"
1396,"Athorybia rosacea","adult","Cnidoband depth (um)","point",60.00,"Purcell1984"
1397,"Athorybia rosacea","adult","Heteroneme length (um)","point",65.00,"Purcell1984"
1398,"Athorybia rosacea","adult","Heteroneme width (um)","point",22.50,"Purcell1984"
1401,"Athorybia rosacea","adult","Haploneme length (um)","point",32.50,"Purcell1984"
1402,"Athorybia rosacea","adult","Haploneme width (um)","point",7.50,"Purcell1984"
1403,"Athorybia rosacea","adult","Haploneme number","point",800.00,"Purcell1984"
1404,"Athorybia rosacea","adult","Terminal filament nematocyst length (um)","point",7.00,"Purcell1984"
1405,"Athorybia rosacea","adult","Terminal filament nematocyst width (um)","point",2.50,"Purcell1984"
1406,"Athorybia rosacea","adult","Terminal filament nematocyst length (um)","point",5.00,"Purcell1984"
1407,"Athorybia rosacea","adult","Terminal filament nematocyst width (um)","point",5.00,"Purcell1984"
1409,"Athorybia rosacea","adult","Heteroneme volume (ul)","point",17.22,"Purcell1984"
1410,"Athorybia rosacea","adult","Nematocysts per battery","point",850.00,"Purcell1984"
1411,"Athorybia rosacea","adult","Tentilla per tentacle","point",120.00,"Purcell1984"
1416,"Bassia bassensis","adult","Cnidoband length (um)","point",315.00,"Purcell1984"
1417,"Bassia bassensis","adult","Cnidoband width (um)","point",100.00,"Purcell1984"
1418,"Bassia bassensis","adult","Cnidoband depth (um)","point",70.00,"Purcell1984"
1419,"Bassia bassensis","adult","Heteroneme length (um)","point",75.50,"Purcell1984"
1420,"Bassia bassensis","adult","Heteroneme width (um)","point",14.00,"Purcell1984"
1421,"Bassia bassensis","adult","Heteroneme number","point",8.00,"Purcell1984"
1422,"Bassia bassensis","adult","Haploneme length (um)","point",36.00,"Purcell1984"
1423,"Bassia bassensis","adult","Haploneme width (um)","point",8.50,"Purcell1984"
1424,"Bassia bassensis","adult","Haploneme number","point",400.00,"Purcell1984"
1425,"Bassia bassensis","adult","Haploneme length (um)","point",14.00,"Purcell1984"
1426,"Bassia bassensis","adult","Haploneme width (um)","point",9.00,"Purcell1984"
1427,"Bassia bassensis","adult","Terminal filament nematocyst length (um)","point",11.00,"Purcell1984"
1428,"Bassia bassensis","adult","Terminal filament nematocyst width (um)","point",8.00,"Purcell1984"
1429,"Bassia bassensis","adult","Terminal filament nematocyst length (um)","point",12.00,"Purcell1984"
1430,"Bassia bassensis","adult","Terminal filament nematocyst width (um)","point",4.00,"Purcell1984"
1432,"Bassia bassensis","adult","Heteroneme volume (ul)","point",7.74,"Purcell1984"
1433,"Bassia bassensis","adult","Nematocysts per battery","point",408.00,"Purcell1984"
1440,"Bathyphysa sibogae","adult","Haploneme length (um)","point",17.00,"Purcell1984"
1441,"Bathyphysa sibogae","adult","Haploneme width (um)","point",17.00,"Purcell1984"
1442,"Bathyphysa sibogae","adult","Haploneme length (um)","point",10.00,"Purcell1984"
1443,"Bathyphysa sibogae","adult","Haploneme width (um)","point",10.00,"Purcell1984"
1444,"Chelophyes appendiculata","adult","Cnidoband length (um)","point",150.00,"Purcell1984"
1445,"Chelophyes appendiculata","adult","Cnidoband width (um)","point",52.00,"Purcell1984"
1446,"Chelophyes appendiculata","adult","Cnidoband depth (um)","point",36.00,"Purcell1984"
1447,"Chelophyes appendiculata","adult","Heteroneme length (um)","point",66.00,"Purcell1984"
1448,"Chelophyes appendiculata","adult","Heteroneme width (um)","point",6.00,"Purcell1984"
1449,"Chelophyes appendiculata","adult","Heteroneme number","point",6.00,"Purcell1984"
1450,"Chelophyes appendiculata","adult","Haploneme length (um)","point",15.50,"Purcell1984"
1451,"Chelophyes appendiculata","adult","Haploneme width (um)","point",4.00,"Purcell1984"
1452,"Chelophyes appendiculata","adult","Haploneme number","point",450.00,"Purcell1984"
1453,"Chelophyes appendiculata","adult","Haploneme length (um)","point",12.00,"Purcell1984"
1454,"Chelophyes appendiculata","adult","Haploneme width (um)","point",7.00,"Purcell1984"
1455,"Chelophyes appendiculata","adult","Terminal filament nematocyst length (um)","point",10.00,"Purcell1984"
1456,"Chelophyes appendiculata","adult","Terminal filament nematocyst width (um)","point",6.00,"Purcell1984"
1457,"Chelophyes appendiculata","adult","Terminal filament nematocyst length (um)","point",9.00,"Purcell1984"
1458,"Chelophyes appendiculata","adult","Terminal filament nematocyst width (um)","point",3.00,"Purcell1984"
1460,"Chelophyes appendiculata","adult","Heteroneme volume (ul)","point",1.24,"Purcell1984"
1461,"Chelophyes appendiculata","adult","Nematocysts per battery","point",456.00,"Purcell1984"
1468,"Cordagalma ordinatum","adult","Cnidoband length (um)","point",50.00,"Purcell1984"
1469,"Cordagalma ordinatum","adult","Cnidoband width (um)","point",32.50,"Purcell1984"
1470,"Cordagalma ordinatum","adult","Cnidoband depth (um)","point",32.50,"Purcell1984"
1471,"Cordagalma ordinatum","adult","Heteroneme length (um)","point",22.50,"Purcell1984"
1472,"Cordagalma ordinatum","adult","Heteroneme width (um)","point",12.50,"Purcell1984"
1475,"Cordagalma ordinatum","adult","Haploneme length (um)","point",22.50,"Purcell1984"
1476,"Cordagalma ordinatum","adult","Haploneme width (um)","point",6.00,"Purcell1984"
1477,"Cordagalma ordinatum","adult","Haploneme number","point",6.00,"Purcell1984"
1478,"Cordagalma ordinatum","adult","Haploneme length (um)","point",6.00,"Purcell1984"
1479,"Cordagalma ordinatum","adult","Haploneme width (um)","point",150.00,"Purcell1984"
1480,"Cordagalma ordinatum","adult","Terminal filament nematocyst length (um)","point",3.00,"Purcell1984"
1481,"Cordagalma ordinatum","adult","Terminal filament nematocyst width (um)","point",4.50,"Purcell1984"
1483,"Cordagalma ordinatum","adult","Heteroneme volume (ul)","point",1.84,"Purcell1984"
1484,"Cordagalma ordinatum","adult","Nematocysts per battery","point",157.00,"Purcell1984"
1491,"Diphyes dispar","adult","Cnidoband length (um)","point",270.00,"Purcell1984"
1492,"Diphyes dispar","adult","Cnidoband width (um)","point",78.00,"Purcell1984"
1493,"Diphyes dispar","adult","Cnidoband depth (um)","point",42.00,"Purcell1984"
1494,"Diphyes dispar","adult","Heteroneme length (um)","point",97.50,"Purcell1984"
1495,"Diphyes dispar","adult","Heteroneme width (um)","point",11.00,"Purcell1984"
1496,"Diphyes dispar","adult","Heteroneme number","point",12.00,"Purcell1984"
1497,"Diphyes dispar","adult","Haploneme length (um)","point",15.00,"Purcell1984"
1498,"Diphyes dispar","adult","Haploneme width (um)","point",7.50,"Purcell1984"
1499,"Diphyes dispar","adult","Haploneme number","point",250.00,"Purcell1984"
1500,"Diphyes dispar","adult","Haploneme length (um)","point",20.00,"Purcell1984"
1501,"Diphyes dispar","adult","Haploneme width (um)","point",12.00,"Purcell1984"
1502,"Diphyes dispar","adult","Terminal filament nematocyst length (um)","point",15.00,"Purcell1984"
1503,"Diphyes dispar","adult","Terminal filament nematocyst width (um)","point",9.00,"Purcell1984"
1505,"Diphyes dispar","adult","Heteroneme volume (ul)","point",6.46,"Purcell1984"
1506,"Diphyes dispar","adult","Nematocysts per battery","point",262.00,"Purcell1984"
1513,"Forskalia edwardsi","adult","Cnidoband length (um)","point",420.00,"Purcell1984"
1514,"Forskalia edwardsi","adult","Cnidoband width (um)","point",180.00,"Purcell1984"
1515,"Forskalia edwardsi","adult","Cnidoband depth (um)","point",180.00,"Purcell1984"
1516,"Forskalia edwardsi","adult","Heteroneme length (um)","point",38.00,"Purcell1984"
1517,"Forskalia edwardsi","adult","Heteroneme width (um)","point",22.50,"Purcell1984"
1520,"Forskalia edwardsi","adult","Haploneme length (um)","point",30.00,"Purcell1984"
1521,"Forskalia edwardsi","adult","Haploneme width (um)","point",5.50,"Purcell1984"
1522,"Forskalia edwardsi","adult","Haploneme number","point",3000.00,"Purcell1984"
1523,"Forskalia edwardsi","adult","Terminal filament nematocyst length (um)","point",13.00,"Purcell1984"
1524,"Forskalia edwardsi","adult","Terminal filament nematocyst width (um)","point",5.00,"Purcell1984"
1526,"Forskalia edwardsi","adult","Heteroneme volume (ul)","point",9.94,"Purcell1984"
1527,"Forskalia edwardsi","adult","Nematocysts per battery","point",3030.00,"Purcell1984"
1534,"Hippopodius hippopus","adult","Cnidoband length (um)","point",96.00,"Purcell1984"
1535,"Hippopodius hippopus","adult","Cnidoband width (um)","point",96.00,"Purcell1984"
1536,"Hippopodius hippopus","adult","Cnidoband depth (um)","point",46.00,"Purcell1984"
1538,"Hippopodius hippopus","adult","Heteroneme width (um)","point",17.00,"Purcell1984"
1539,"Hippopodius hippopus","adult","Heteroneme number","point",7.00,"Purcell1984"
1540,"Hippopodius hippopus","adult","Haploneme length (um)","point",26.00,"Purcell1984"
1541,"Hippopodius hippopus","adult","Haploneme width (um)","point",5.50,"Purcell1984"
1542,"Hippopodius hippopus","adult","Haploneme number","point",200.00,"Purcell1984"
1544,"Hippopodius hippopus","adult","Heteroneme number","point",10.00,"Purcell1984"
1546,"Hippopodius hippopus","adult","Heteroneme volume (ul)","point",5.32,"Purcell1984"
1547,"Hippopodius hippopus","adult","Nematocysts per battery","point",210.00,"Purcell1984"
1554,"Muggiaea atlantica","adult","Cnidoband length (um)","point",120.00,"Purcell1984"
1555,"Muggiaea atlantica","adult","Cnidoband width (um)","point",52.00,"Purcell1984"
1556,"Muggiaea atlantica","adult","Cnidoband depth (um)","point",30.00,"Purcell1984"
1557,"Muggiaea atlantica","adult","Heteroneme length (um)","point",36.00,"Purcell1984"
1558,"Muggiaea atlantica","adult","Heteroneme width (um)","point",6.00,"Purcell1984"
1559,"Muggiaea atlantica","adult","Heteroneme number","point",6.00,"Purcell1984"
1560,"Muggiaea atlantica","adult","Haploneme length (um)","point",15.00,"Purcell1984"
1561,"Muggiaea atlantica","adult","Haploneme width (um)","point",4.00,"Purcell1984"
1562,"Muggiaea atlantica","adult","Haploneme number","point",300.00,"Purcell1984"
1563,"Muggiaea atlantica","adult","Haploneme length (um)","point",9.00,"Purcell1984"
1564,"Muggiaea atlantica","adult","Haploneme width (um)","point",6.00,"Purcell1984"
1565,"Muggiaea atlantica","adult","Terminal filament nematocyst length (um)","point",6.00,"Purcell1984"
1566,"Muggiaea atlantica","adult","Terminal filament nematocyst width (um)","point",4.00,"Purcell1984"
1567,"Muggiaea atlantica","adult","Terminal filament nematocyst length (um)","point",6.00,"Purcell1984"
1568,"Muggiaea atlantica","adult","Terminal filament nematocyst width (um)","point",2.00,"Purcell1984"
1570,"Muggiaea atlantica","adult","Heteroneme volume (ul)","point",0.68,"Purcell1984"
1571,"Muggiaea atlantica","adult","Nematocysts per battery","point",306.00,"Purcell1984"
1572,"Muggiaea atlantica","adult","Tentilla per tentacle","point",20.00,"Purcell1984"
1577,"Nanomia bijuga","adult","Cnidoband length (um)","point",445.00,"Purcell1984"
1578,"Nanomia bijuga","adult","Cnidoband width (um)","point",248.00,"Purcell1984"
1579,"Nanomia bijuga","adult","Cnidoband depth (um)","point",240.00,"Purcell1984"
1580,"Nanomia bijuga","adult","Heteroneme length (um)","point",32.00,"Purcell1984"
1581,"Nanomia bijuga","adult","Heteroneme width (um)","point",16.00,"Purcell1984"
1584,"Nanomia bijuga","adult","Haploneme length (um)","point",22.50,"Purcell1984"
1585,"Nanomia bijuga","adult","Haploneme width (um)","point",5.50,"Purcell1984"
1586,"Nanomia bijuga","adult","Haploneme number","point",4500.00,"Purcell1984"
1587,"Nanomia bijuga","adult","Terminal filament nematocyst length (um)","point",11.00,"Purcell1984"
1588,"Nanomia bijuga","adult","Terminal filament nematocyst width (um)","point",4.50,"Purcell1984"
1590,"Nanomia bijuga","adult","Heteroneme volume (ul)","point",4.29,"Purcell1984"
1591,"Nanomia bijuga","adult","Nematocysts per battery","point",4535.00,"Purcell1984"
1598,"Nanomia cara","adult","Cnidoband length (um)","point",1400.00,"Purcell1984"
1599,"Nanomia cara","adult","Cnidoband width (um)","point",680.00,"Purcell1984"
1600,"Nanomia cara","adult","Cnidoband depth (um)","point",680.00,"Purcell1984"
1601,"Nanomia cara","adult","Heteroneme length (um)","point",62.50,"Purcell1984"
1602,"Nanomia cara","adult","Heteroneme width (um)","point",22.50,"Purcell1984"
1605,"Nanomia cara","adult","Haploneme length (um)","point",72.50,"Purcell1984"
1606,"Nanomia cara","adult","Haploneme width (um)","point",12.50,"Purcell1984"
1607,"Nanomia cara","adult","Haploneme number","point",14000.00,"Purcell1984"
1608,"Nanomia cara","adult","Terminal filament nematocyst length (um)","point",17.50,"Purcell1984"
1609,"Nanomia cara","adult","Terminal filament nematocyst width (um)","point",10.00,"Purcell1984"
1610,"Nanomia cara","adult","Terminal filament nematocyst length (um)","point",12.50,"Purcell1984"
1611,"Nanomia cara","adult","Terminal filament nematocyst width (um)","point",10.00,"Purcell1984"
1612,"Physalia physalis","adult","Haploneme length (um)","point",27.50,"Purcell1984"
1613,"Physalia physalis","adult","Haploneme width (um)","point",27.50,"Purcell1984"
1614,"Physalia physalis","adult","Haploneme length (um)","point",12.50,"Purcell1984"
1615,"Physalia physalis","adult","Haploneme width (um)","point",12.50,"Purcell1984"
1616,"Physophora hydrostatica","adult","Cnidoband length (um)","point",1260.00,"Purcell1984"
1617,"Physophora hydrostatica","adult","Cnidoband width (um)","point",390.00,"Purcell1984"
1618,"Physophora hydrostatica","adult","Cnidoband depth (um)","point",390.00,"Purcell1984"
1619,"Physophora hydrostatica","adult","Heteroneme length (um)","point",109.00,"Purcell1984"
1620,"Physophora hydrostatica","adult","Heteroneme width (um)","point",29.00,"Purcell1984"
1621,"Physophora hydrostatica","adult","Haploneme length (um)","point",32.50,"Purcell1984"
1622,"Physophora hydrostatica","adult","Haploneme width (um)","point",6.20,"Purcell1984"
1623,"Rhizophysa eysenhardti","adult","Haploneme length (um)","point",20.00,"Purcell1984"
1624,"Rhizophysa eysenhardti","adult","Haploneme width (um)","point",20.00,"Purcell1984"
1625,"Rhizophysa filiformis","adult","Haploneme width (um)","point",32.50,"Purcell1984"
1626,"Rhizophysa filiformis","adult","Haploneme length (um)","point",32.50,"Purcell1984"
1627,"Rhizophysa filiformis","adult","Haploneme width (um)","point",12.50,"Purcell1984"
1628,"Rhizophysa filiformis","adult","Haploneme length (um)","point",12.50,"Purcell1984"
1629,"Rosacea cymbiformis","adult","Cnidoband length (um)","point",255.00,"Purcell1984"
1630,"Rosacea cymbiformis","adult","Cnidoband width (um)","point",120.00,"Purcell1984"
1631,"Rosacea cymbiformis","adult","Cnidoband depth (um)","point",50.00,"Purcell1984"
1632,"Rosacea cymbiformis","adult","Heteroneme length (um)","point",67.00,"Purcell1984"
1633,"Rosacea cymbiformis","adult","Heteroneme width (um)","point",8.00,"Purcell1984"
1635,"Rosacea cymbiformis","adult","Haploneme length (um)","point",32.00,"Purcell1984"
1636,"Rosacea cymbiformis","adult","Haploneme width (um)","point",6.00,"Purcell1984"
1637,"Rosacea cymbiformis","adult","Haploneme number","point",400.00,"Purcell1984"
1638,"Rosacea cymbiformis","adult","Haploneme length (um)","point",11.00,"Purcell1984"
1639,"Rosacea cymbiformis","adult","Haploneme width (um)","point",7.00,"Purcell1984"
1640,"Rosacea cymbiformis","adult","Terminal filament nematocyst length (um)","point",9.60,"Purcell1984"
1641,"Rosacea cymbiformis","adult","Terminal filament nematocyst width (um)","point",4.40,"Purcell1984"
1642,"Rosacea cymbiformis","adult","Terminal filament nematocyst length (um)","point",8.00,"Purcell1984"
1643,"Rosacea cymbiformis","adult","Terminal filament nematocyst width (um)","point",8.00,"Purcell1984"
1646,"Rosacea cymbiformis","adult","Heteroneme volume (ul)","point",2.25,"Purcell1984"
1647,"Rosacea cymbiformis","adult","Nematocysts per battery","point",430.00,"Purcell1984"
1654,"Sphaeronectes koellikeri","adult","Cnidoband length (um)","point",48.00,"Purcell1984"
1655,"Sphaeronectes koellikeri","adult","Cnidoband width (um)","point",26.00,"Purcell1984"
1656,"Sphaeronectes koellikeri","adult","Cnidoband depth (um)","point",18.00,"Purcell1984"
1657,"Sphaeronectes koellikeri","adult","Heteroneme length (um)","point",36.00,"Purcell1984"
1658,"Sphaeronectes koellikeri","adult","Heteroneme width (um)","point",7.00,"Purcell1984"
1659,"Sphaeronectes koellikeri","adult","Heteroneme number","point",4.00,"Purcell1984"
1660,"Sphaeronectes koellikeri","adult","Haploneme length (um)","point",12.00,"Purcell1984"
1661,"Sphaeronectes koellikeri","adult","Haploneme width (um)","point",2.00,"Purcell1984"
1662,"Sphaeronectes koellikeri","adult","Haploneme number","point",50.00,"Purcell1984"
1663,"Sphaeronectes koellikeri","adult","Haploneme length (um)","point",7.00,"Purcell1984"
1664,"Sphaeronectes koellikeri","adult","Haploneme width (um)","point",5.00,"Purcell1984"
1665,"Sphaeronectes koellikeri","adult","Terminal filament nematocyst length (um)","point",4.00,"Purcell1984"
1666,"Sphaeronectes koellikeri","adult","Terminal filament nematocyst width (um)","point",3.00,"Purcell1984"
1667,"Sphaeronectes koellikeri","adult","Terminal filament nematocyst length (um)","point",3.00,"Purcell1984"
1668,"Sphaeronectes koellikeri","adult","Terminal filament nematocyst width (um)","point",1.50,"Purcell1984"
1670,"Sphaeronectes koellikeri","adult","Heteroneme volume (ul)","point",0.92,"Purcell1984"
1671,"Sphaeronectes koellikeri","adult","Nematocysts per battery","point",54.00,"Purcell1984"
1678,"Stephanophyes superba","adult","Cnidoband length (um)","point",1500.00,"Purcell1984"
1679,"Stephanophyes superba","adult","Cnidoband width (um)","point",60.00,"Purcell1984"
1680,"Stephanophyes superba","adult","Cnidoband depth (um)","point",84.00,"Purcell1984"
1681,"Stephanophyes superba","adult","Heteroneme length (um)","point",111.00,"Purcell1984"
1682,"Stephanophyes superba","adult","Heteroneme width (um)","point",13.00,"Purcell1984"
1684,"Stephanophyes superba","adult","Haploneme length (um)","point",45.00,"Purcell1984"
1685,"Stephanophyes superba","adult","Haploneme width (um)","point",9.00,"Purcell1984"
1686,"Stephanophyes superba","adult","Haploneme number","point",2000.00,"Purcell1984"
1687,"Stephanophyes superba","adult","Haploneme length (um)","point",23.00,"Purcell1984"
1688,"Stephanophyes superba","adult","Haploneme width (um)","point",13.00,"Purcell1984"
1689,"Stephanophyes superba","adult","Terminal filament nematocyst length (um)","point",27.00,"Purcell1984"
1690,"Stephanophyes superba","adult","Terminal filament nematocyst width (um)","point",9.00,"Purcell1984"
1691,"Stephanophyes superba","adult","Terminal filament nematocyst length (um)","point",18.00,"Purcell1984"
1692,"Stephanophyes superba","adult","Terminal filament nematocyst width (um)","point",10.00,"Purcell1984"
1695,"Stephanophyes superba","adult","Heteroneme volume (ul)","point",9.82,"Purcell1984"
1696,"Stephanophyes superba","adult","Nematocysts per battery","point",2050.00,"Purcell1984"
1703,"Sulculeolaria monoica","adult","Cnidoband length (um)","point",168.00,"Purcell1984"
1704,"Sulculeolaria monoica","adult","Cnidoband width (um)","point",66.00,"Purcell1984"
1705,"Sulculeolaria monoica","adult","Cnidoband depth (um)","point",30.00,"Purcell1984"
1706,"Sulculeolaria monoica","adult","Heteroneme length (um)","point",60.00,"Purcell1984"
1707,"Sulculeolaria monoica","adult","Heteroneme width (um)","point",10.00,"Purcell1984"
1708,"Sulculeolaria monoica","adult","Heteroneme number","point",8.00,"Purcell1984"
1709,"Sulculeolaria monoica","adult","Haploneme length (um)","point",22.50,"Purcell1984"
1710,"Sulculeolaria monoica","adult","Haploneme width (um)","point",5.50,"Purcell1984"
1711,"Sulculeolaria monoica","adult","Haploneme length (um)","point",12.50,"Purcell1984"
1712,"Sulculeolaria monoica","adult","Haploneme width (um)","point",10.00,"Purcell1984"
1713,"Sulculeolaria monoica","adult","Terminal filament nematocyst length (um)","point",12.50,"Purcell1984"
1714,"Sulculeolaria monoica","adult","Terminal filament nematocyst width (um)","point",5.00,"Purcell1984"
1715,"Sulculeolaria quadrivalvis","adult","Cnidoband length (um)","point",114.00,"Purcell1984"
1716,"Sulculeolaria quadrivalvis","adult","Cnidoband width (um)","point",66.00,"Purcell1984"
1717,"Sulculeolaria quadrivalvis","adult","Cnidoband depth (um)","point",30.00,"Purcell1984"
1718,"Sulculeolaria quadrivalvis","adult","Heteroneme length (um)","point",47.50,"Purcell1984"
1719,"Sulculeolaria quadrivalvis","adult","Heteroneme width (um)","point",7.50,"Purcell1984"
1720,"Sulculeolaria quadrivalvis","adult","Heteroneme number","point",8.00,"Purcell1984"
1721,"Sulculeolaria quadrivalvis","adult","Haploneme length (um)","point",20.00,"Purcell1984"
1722,"Sulculeolaria quadrivalvis","adult","Haploneme width (um)","point",5.00,"Purcell1984"
1723,"Sulculeolaria quadrivalvis","adult","Haploneme number","point",200.00,"Purcell1984"
1724,"Sulculeolaria quadrivalvis","adult","Haploneme length (um)","point",12.50,"Purcell1984"
1725,"Sulculeolaria quadrivalvis","adult","Haploneme width (um)","point",9.50,"Purcell1984"
1726,"Sulculeolaria quadrivalvis","adult","Terminal filament nematocyst length (um)","point",7.50,"Purcell1984"
1727,"Sulculeolaria quadrivalvis","adult","Terminal filament nematocyst width (um)","point",2.50,"Purcell1984"
1728,"Sulculeolaria quadrivalvis","adult","Terminal filament nematocyst length (um)","point",7.50,"Purcell1984"
1729,"Sulculeolaria quadrivalvis","adult","Terminal filament nematocyst width (um)","point",7.50,"Purcell1984"
1731,"Sulculeolaria quadrivalvis","adult","Heteroneme volume (ul)","point",1.40,"Purcell1984"
1732,"Sulculeolaria quadrivalvis","adult","Nematocysts per battery","point",208.00,"Purcell1984"
1739,"Apolemia lanosa","adult","Depth (m)","point",636.00,"Siebert2013_Apolemia"
1740,"Apolemia lanosa","adult","Depth (m)","point",1030.00,"Siebert2013_Apolemia"
1741,"Apolemia lanosa","adult","Depth (m)","point",1325.00,"Siebert2013_Apolemia"
1742,"Apolemia lanosa","adult","Colony length (cm)","point",200.00,"Siebert2013_Apolemia"
1743,"Apolemia rubriversa","adult","Colony length (cm)","point",120.00,"Siebert2013_Apolemia"
1745,"Apolemia lanosa","adult","Gastrozooid length (mm)","point",12.00,"Siebert2013_Apolemia"
1750,"Apolemia lanosa","adult","Depth (m)","point",1070.00,"Siebert2013_Apolemia"
1751,"Apolemia lanosa","adult","Depth (m)","point",1812.00,"Siebert2013_Apolemia"
1752,"Apolemia lanosa","adult","Depth (m)","point",1162.00,"Siebert2013_Apolemia"
1753,"Apolemia lanosa","adult","Depth (m)","point",1138.00,"Siebert2013_Apolemia"
1754,"Apolemia lanosa","adult","Depth (m)","point",928.00,"Siebert2013_Apolemia"
1755,"Apolemia lanosa","adult","Depth (m)","point",1200.00,"Siebert2013_Apolemia"
1756,"Apolemia lanosa","adult","Depth (m)","point",1197.00,"Siebert2013_Apolemia"
1757,"Apolemia lanosa","adult","Depth (m)","point",767.00,"Siebert2013_Apolemia"
1758,"Apolemia lanosa","adult","Depth (m)","point",1179.00,"Siebert2013_Apolemia"
1759,"Apolemia lanosa","adult","Depth (m)","point",1155.00,"Siebert2013_Apolemia"
1760,"Apolemia lanosa","adult","Depth (m)","point",1047.00,"Siebert2013_Apolemia"
1761,"Apolemia lanosa","adult","Depth (m)","point",1506.00,"Siebert2013_Apolemia"
1762,"Apolemia lanosa","adult","Depth (m)","point",1255.00,"Siebert2013_Apolemia"
1763,"Apolemia lanosa","adult","Depth (m)","point",1153.00,"Siebert2013_Apolemia"
1764,"Apolemia lanosa","adult","Depth (m)","point",1260.00,"Siebert2013_Apolemia"
1771,"Apolemia rubriversa","adult","Depth (m)","point",650.00,"Siebert2013_Apolemia"
1772,"Apolemia rubriversa","adult","Depth (m)","point",780.00,"Siebert2013_Apolemia"
1773,"Apolemia rubriversa","adult","Depth (m)","point",609.00,"Siebert2013_Apolemia"
1782,"Apolemia rubriversa","adult","Depth (m)","point",785.00,"Siebert2013_Apolemia"
1783,"Apolemia rubriversa","adult","Depth (m)","point",481.00,"Siebert2013_Apolemia"
1784,"Apolemia rubriversa","adult","Depth (m)","point",874.00,"Siebert2013_Apolemia"
1785,"Apolemia rubriversa","adult","Depth (m)","point",374.00,"Siebert2013_Apolemia"
1786,"Apolemia rubriversa","adult","Depth (m)","point",541.00,"Siebert2013_Apolemia"
1787,"Apolemia rubriversa","adult","Depth (m)","point",762.00,"Siebert2013_Apolemia"
1788,"Apolemia rubriversa","adult","Depth (m)","point",643.00,"Siebert2013_Apolemia"
1789,"Apolemia rubriversa","adult","Depth (m)","point",492.00,"Siebert2013_Apolemia"
1790,"Apolemia rubriversa","adult","Depth (m)","point",457.00,"Siebert2013_Apolemia"
1791,"Apolemia rubriversa","adult","Depth (m)","point",686.00,"Siebert2013_Apolemia"
1792,"Apolemia rubriversa","adult","Depth (m)","point",643.00,"Siebert2013_Apolemia"
1793,"Apolemia rubriversa","adult","Depth (m)","point",492.00,"Siebert2013_Apolemia"
1794,"Apolemia rubriversa","adult","Depth (m)","point",457.00,"Siebert2013_Apolemia"
1795,"Apolemia rubriversa","adult","Depth (m)","point",686.00,"Siebert2013_Apolemia"
1796,"Apolemia rubriversa","adult","Depth (m)","point",643.00,"Siebert2013_Apolemia"
1797,"Apolemia rubriversa","adult","Depth (m)","point",708.00,"Siebert2013_Apolemia"
1798,"Apolemia rubriversa","adult","Depth (m)","point",901.00,"Siebert2013_Apolemia"
1799,"Apolemia rubriversa","adult","Depth (m)","point",773.00,"Siebert2013_Apolemia"
1800,"Apolemia rubriversa","adult","Depth (m)","point",659.00,"Siebert2013_Apolemia"
1801,"Apolemia rubriversa","adult","Depth (m)","point",484.00,"Siebert2013_Apolemia"
1802,"Apolemia lanosa","adult","Number of heteroneme filament swellings","point",1.00,"Siebert2013_Apolemia"
1803,"Apolemia uvaria","adult","Number of heteroneme filament swellings","point",2.00,"Siebert2013_Apolemia"
1821,"Physophora ?hydrostatica","adult","Heteroneme length (um)","point",180.00,"Skaer1988_patterns"
1822,"Forskalia ?edwardsi","adult","Rhopaloneme length (um)","point",12.00,"Skaer1988_patterns"
1823,"Forskalia ?edwardsi","adult","Rhopaloneme width (um)","point",3.50,"Skaer1988_patterns"
1824,"Forskalia ?edwardsi","adult","Desmoneme length (um)","point",5.00,"Skaer1988_patterns"
1825,"Forskalia ?edwardsi","adult","Desmoneme width (um)","point",5.00,"Skaer1988_patterns"
1826,"Abylopsis ?tetragona","adult","Rhopaloneme length (um)","point",21.60,"Skaer1988_patterns"
1827,"Abylopsis ?tetragona","adult","Rhopaloneme width (um)","point",8.30,"Skaer1988_patterns"
1828,"Abylopsis ?tetragona","adult","Desmoneme length (um)","point",25.00,"Skaer1988_patterns"
1829,"Abylopsis ?tetragona","adult","Desmoneme width (um)","point",20.00,"Skaer1988_patterns"
